Commit;Size
613916a50a8121d5be627b39b2ecdde4e0df5a28;0
471053332b55a846dfeceaf1f2edff2bff50e79c;0
1488e04062d21bf47a296875a1691310c1580013;0
58c14b474748477ff72959e154fc33319a1ae47b;0
dc04c3b593dcba3303c17954ad901aecf84b1b5e;22
4ec43cdb5e715d745faa970e4d80fa6ab75f925c;30
7f3f2c7fcb40f336a3be08e5ab4ee7d5c29b0417;32
95d612b1a8d16a0e076c640bb88372d5f6528bc1;32
1f9edeb737a791919470c3e712954f57d6be1c87;33
809adfdfeda416fe791ee5fb9943102da5d178ab;33
b9ec2365872000cc12ce429fa701cd7708cea861;33
c46653869b75e800007c0ec51ff824945e9aa2df;33
51835aebc7d7191fb164422ee36dcc82f3ad4cd1;38
0078849fd6c239d24e0fbd0ba81b27402892eeeb;38
d7f7059a4f66817ce65ae90c08888f129976d0c0;38
0217457440f5a3439d168761bc4686e9ade9e0f9;38
20898f7e9541191d9a486c7e0fb62a7792d73fc5;38
a70ccd4999555ac1a24825f925472af968b3b5bd;38
34836237c4c025b7317754fc8321aca12cbb29b7;38
9e29cee25eeba65f1d632172f46aa687a6aeda50;38
c118a77a6460e04692a07941d38d7b64ef9aaff1;38
1ce13d80f2d3dbe0e2aad8a693af890c777dbadf;38
be69503ee3c1448946f3e16d454df499ed455a0b;38
acfbe78ed5daca4a28b5cba49aad37be1899e81e;44
489c7d987f67ac505f720ce7b4179261582855b6;47
bf03f03a7e4e76259fce0d285d86d9a4c01e5675;57
b842f81bdbdbe1cac4e4383b0219aeb2192dc2e6;69
8dfd236053bfab65d5d24be888d93e2ada631415;69
c13b827680300c044415f33bcebddf5d53b6f9b5;75
11e939397be2959033f89696319a4e57e0c2db6d;75
535a9d9456aec1d317a599ac8d63afc3d0568dda;75
116efada3b9b0945c017be4be18065cde316e9a9;76
121955179cdd28a6d011f7a2309d9b32b4bad32d;76
302f2011df4e583ce6c6b60beca84b80e85132e5;76
77a70d8ab6a25d2a0cbc2a70c6bc64fc789555d1;76
586cf0a8284c8f13c71a1f0d67141de9e9ccb608;76
a462757a6bebb166eafa74b7c36e9ba74804ae11;76
b7fb5f937defcbb089e5c4e629540f999f74da5c;77
87e6a6603ccf65bd293ba9cf7723e983204137bb;77
3cc64db0df70b1c5dfa1db91629dae35cdd41aaa;77
a948bf4b96fc41c4732d7595f9e7556407bd6e29;77
4fcecc4279b7aa6cbb4b1bd2694ccf5e83816a0b;79
ec36e0b01950b49ecd269ac611a7cccb6dce7559;79
fe13ed3055e3414b1b93ab88623a9dc1ef320027;80
159d26f3f0d7f3e7a3446e3f7d7c4ab2d99ee5fd;80
fd3a12d15521cf4297ffc8d9bd1a3330aa83e42d;89
83fe7e4701d35c8e26badec71b1602861eb737c2;90
88e34386299bb34e4e9ee4320b78b257bde35fd9;92
1b87dae89b69d1553c10eebef72b2d75c4470cf5;98
b75bae274e0a6fc8e7acbad243fc8177df04e419;98
dea64c07701c6278789f9ac60ac32f9bf8ccdcf6;98
f0a65750b194caca2b74ba63c5981ecf9daddec7;98
ebe7d573034475ecc1b40202e43a8ccaf3cf24ae;110
aa36af60ad8e87c6c34dab29178fec24f9bc73b3;111
3d19c3360b1d11f047a52cbd3b93c777fe5d62a3;127
e0f9f9bbd139513dc85657a7643c7bf9eb434763;127
f2eafe192c6de2028a056cf347b68b78adf64634;129
2c0048a73cc25f45d9a84e09731cc0b017293436;127
74df419fcffda608cb663d95681d48731eed3ff2;127
d7135f299986393ac8c4201e43e1e30cbc92a289;131
cfae7d47de22697c621d0b4d53cd622bc00849e1;131
ab60d990c9f9d158ba0ae5083267ad64a39a7479;131
a4c0b9315daef8268f1f23a4e4c96b7e96726fc6;131
a7fe3288a3841a6cf38078c54289f7ab85a3f789;138
e5a24c90cb0b4234a6b050698cfaff15427b8cab;139
086f60c16aaa4c17167c2a59e4fe0c1132dfb415;139
92d4cfbb26c7b4b362c7f84f6edb3168743fbee4;142
488fa464c6a84149ee7995444f039fadd7c3b4f8;142
60f5faaaadb77f58acbb607d0f8c18178edeb5a9;142
d9588586022800b1883d405fae68dd617d49c313;142
55e55e7bbe57a68019a55c32a065a4bb64ed131a;156
f4d81079fd9e9c0b508a35a468befebaf3e06510;157
e0ec99b8bed24ea0215dd2ed47b19d1399965ee8;157
e2e9703ee2f58acbb29e639a049ecbdfcc29e5b0;157
e32ea24367dc2cecaa960ee74fbf68561c83de32;158
02cb5718c0cf1fc9cb85367d00500854194811e6;158
3336f90c45bb89ee42412a1486a73e415965f18c;170
d218060ea07215edcccb838dea38c062af6e0b0d;179
8890c394137346e9bebab8cde70921a880e78d2f;179
24f419a8e38fb315bac68fe86f6e4c81b88a275d;179
11cf1bf7da38d00734eab5b470e95d761add87d9;181
635c52ffcf0aec3b8edb7298e4230cfbb1a87f5a;181
43aed7562ee8ca175aee5b66b061ac2b7280634c;182
fe01cac9ecc9facb430ead09951a295156bb9f24;183
4cfcbd6fb2cbaa2a83c200d76ac66f95db2be1a3;184
3b3be0bfa431d6b6aff713194177c8d7f565f9d2;189
822f764dbfc91bf29bc36e2c16af86955b0273ee;192
476391683aee9cce5cfd047cb68552ad1a380c67;192
3f448c2e07418ab76288de37df54ebc16906abc1;192
b9bfb564e9e3fbaaa18d8da8fe6d9cf03c52917e;192
8959250a6a6f42a3eef5f24064c47de77193064e;192
b2097deea47a34c4714ffe8f8ec2c915f1d5ef82;193
60b353a480d3cab888b6cf42238b0e2a775d9c16;193
de4d033bd9b748732979a4937d5387ebf1651d36;194
7cf7013782c9695918a673324c1c7c2945e23129;194
5b4b9e966beb0c6062898de1593ddbd038d25251;194
18cc34466816929e64e8dc5c7809958592f73d52;194
8f3d57e6a1928d9b6c3962f24c3b8921f84181a7;194
db61ec31b78bac36993abcda252c984b87c6ad61;194
301b91871f0fa5216c27bf89f84027d7bcaceb4f;194
42b236647d984af332b5d54203dbc0b924de17a6;194
2d4ab26167e46d70b27162d16f16ed110ca694f5;194
97199804d72a5f8667bb8e73fe0b60b480a867f0;195
97da74b44552ab2682fa6e02b168de5e67e0518b;195
5a13ac048edb03c583b69abc5ef2c1cd92ba2257;207
1e72716a6815e12cdcc2c7fc3aa05f7096eb8d61;213
2d6ef6297e044191ba31e54a6f978f08adcda82d;225
5e8abb8e507f9b8a225de388ffca654873444eef;225
b2eea4105f8b83f8d36b7e1d329596183bb3a90b;227
661a5b066d11790e4f5626a69b8dd6e8de03504e;227
b62718a20b486877461965d9962025acb371b416;227
69766a8642f9a652c5276c50aea4a27034b1ebc5;228
7778a940602863ad194e2dbca1d43b1611855c99;228
9aaa64ef58f55ac2394a88589e19d447ea3ee687;239
a4e238ddf03bdaa36f05a16a8811909cfb15e460;239
2d71098df6c0e65d78ac39ac0466d5bde5c5076d;239
31072a1e7805f205d0605b70b6df949dac3cfa78;239
00caa3e0483835e139cb4423474c792dc41d1cd7;239
af73257baaddbb00daa37ae011bb23c53e7418bc;240
340bc410cc4a70e7f0e0289ffab9fbdd070203ff;240
9a85b4fb067310b4258638a4b65f3debbec1dc93;242
baf4e43584f34b02784d3feb291b7e0c13095863;242
786d7e4926a07dc702eae64dc14ad7d9d7b2279b;243
6db2eb6bad80db2310d8d61f11eeb49e4e170c5c;243
620e8c7da8c2b8236e486f923bd14c8148d08de6;243
38f1c94c0adfc88d5ff84734e6505b023f5aad44;243
649d8f32e3b50c810b5832426f69a5a59bd06222;244
eac2c07671e43dfdcbca850dd56bcacd0a2eb4ad;245
4b274088e6af04b6372389d259d7836f8a095a95;245
51ae3d1c2ec57b6924a4bcaf00f19fd9cc0a3eb6;245
5ef262abd1a5f7c639aa31ab6529e59ed540aa7a;245
68dd5938d49b24d655a6f25bc74c59fad12a1535;245
fb0f8235dac521f4c532bb12022cb4093f19fb5c;246
f4d841cc8ccbfeff69e5b84b4fdc4b189e2eda95;246
1ab2a232da587951cf3db76e3bc0fc7507e8f64c;246
98fce3a84fa56a0f0073da64b33bae02e53b2295;247
d539b8a595a9fd8f9fb82bacd95bbddfd0947afe;247
efc70a9e8e9946d21833f57d04b8164cf352471f;247
c48d3e3e7b7305b4d5206c5eb8f88e51afbc4871;247
c8b02aea01c4008d5707c0aa863465a391fbb49e;247
bcafe70fd755f823b405c3ab6adfd812b5d0fde1;248
1340315039d4e146f66d7cf36d4eaee7b172ab84;249
5f9f614aa52601a65a86c05dbf4ba29cd69075ff;254
ff2094a2bce9d93e7b369e6ba5aa53ca802b2eec;266
75c515daa81860638f0267aa5ad265669affaac1;266
cf485fe6a4b9e4fca6d4b0927d93e327ac4d0c70;266
944790d997453a5036bb3ef0f51f38e52e15ba01;266
dd7e3df55e76b62e4cb9ba8867bb6fe2fa45edc6;275
a79e69f0ed83ecc6d0a007cb3c341078da68996d;279
557ff7e3ed14aa9f3ca7ed92d11df96df873dec9;284
490cb3f34cc5a97132e8b35addd68f244d63b49d;284
4fed07e8f0baff6df59b1403fcf96802bb95dee5;298
6fec500aba7827afea670096e9292730a690dedf;299
22cd21ac8c4f253465888b62ba3fd308da88470e;299
45ef55a6eaa4661ed0b612f2d9a8c32abf46d7b6;299
211a5278342f10f1ef6dba7d05541f6e8986eac0;299
6a4dc130c4cc5cbd210e7f7f66fc8a2ce02502e0;299
e22204628b018d93181e8a440475ec9cfb1fd9ef;306
32c582cf09bc75b3bb9a0b8d2cebc658319a2266;306
aec69a8b0f9c9b429b9554a56102fec29c442998;307
3cb8cd8dbf2a49dce3109e2b5a582f264300f047;308
46393663a5e9cdbd4d333e20fe3b056b8f25d14b;312
074d3be23d22ceca0e3ec2125288eaccb8cf39c3;314
1186b3a27b535d426e3dc3bc13864d084d9cdd74;314
493c08b1444c9bf8d59c35fcb0fd0fb0af39f928;318
9bb47110058707ea5a0caf784b4ed1584a248d50;318
eecac4f8afc5e4b1abdc6f2c4d5a095f067d2361;318
6ed40f911151e96c7fba68f8ea4b21882567df75;318
58ee33a31edef3bb20bf769e20f2bcfde4addac5;318
73916bf14152aaf3be72b6676d8e1f661a5c0f38;319
7d9b3acf792b335857955e86f3819be729df09b0;321
eec4e02f57331fffea17272051491779b1c431bc;322
f6321fd8e98eec6ff11c3b07479a31312a1b2002;323
81ff179bfece9e0bbbb1ef0154cf3af9a1032197;323
98c8fad237b349ae8bc717ba89fd108c58494546;323
304ba46e6015529f25972f674ca58aaee325f688;323
42925a75f56e39b51871d041b6e3fe63fc85347e;325
353a065fd4639d3e8966188916c6d1fbc6f1aa5d;325
2343fddd62e0488c948ba6c4e54102d93bb83802;325
c8cffc9d32d932b9157fdf46650bad2e33636960;325
1c6c5d6198291c24003025abdcf1e2c76bdb3b41;327
887013a53aaf455112e9f47c73ac90eb4af2ed04;327
fd5ec8c83d8bee86d65ed6a32280a2a584da3dab;327
937be979664b2c4f4ea85650bc4ae8c7772cfa14;328
62d3cb16bb892fdbb290559714c630ec6c9ba445;328
3d813ae2bf57d10b592dce9feba8a1fbaa1e6e05;328
daa35a5e0e3a02a411c97ba4fe3f5a9ecd53810e;328
91c3881c50f0061ecb0b0b5fb19cf2eec0413eaa;328
3956de46444f555fd4c9cbce3eaf349190447ae0;329
49424958a6b5f82870e49a22b019b7b5249ca7fc;329
5142e832c3f11e9711b398b920a15f83eab8727d;336
e85b6592a582efd3acee7916588bf08f644eb25d;337
25352cec9a3e17848584e98bfd952f45a8f23abe;338
58bd062a14759fe71d9d7109fe9af770a3d45be7;339
8a6532dd9626381731dd1aa9d9b44ff1e8b1aef5;339
38a507a9db92e5f3dc0134d91f2c82fe77ad0b50;339
b95d48c87fe4223192891d040c515a7bea24cc9b;340
929cc562234ff94d5ffd780ffe467c0dcef2aa84;340
48eb848d6a15d5d2dacae7ce8350e6add9747d2c;340
cb7ecb527fa90272680f104e64be73843e4248b5;340
80e6c353dfc8d196ffec235e471f5043ef1a0747;340
b9eceee74178d82e52c79573e45a28baf12fabae;340
daab93ba5e6a39619f467fe010ad979255e03c9f;340
d300a9e535511cc4da2b65d135655bfde203012f;340
0d03f269ebf7a16bc71a4258e2e9ba676ab3291e;340
f7fa0d42005efd3126b4daa5b5dbfcca7914a9c4;340
c493ea99d4e1f808168bf48b90a4b5ad252e6f69;340
de384a7d659e32c0437d6c3da64fc312d9121145;340
d25d436ea0a4526b7b3ff92f85ec598b6d4c4a73;340
9bdc240176f9404065c2033ee700e58e4dbb3176;340
3be7afefc60d4222875c5246f6ac39558ec2cdf5;340
cf499a2cd3e8b7109b40fac9fba2f2126274bb5e;340
d903c5dd4e921b37ded2229685268026a7ee5a97;340
028889e75f26e18ce48fe75451f26e0eef18ef09;340
2ea091f5a48e084cff461e64b4be2401486c2838;340
937bbfccd9e9802790ebf2f23e5bc934b1a1cd92;340
a4b5a5bfaf0203d6dfab2db0ad2700f9c199c95d;340
719d7ca571a80ba34e7f2befb96f238e9696a085;341
c95c1d4b01fa16b4e653401567b653e4294b889a;341
2fa7d1e54c320a33b5822224e29fa915036cacef;341
6ef129a28d24ae65f25723b6385671eeff5e9967;341
773cd44af4439b2af881d5fe8c68c6823aea3e80;341
46f26ddd61de3bca2f4ddfb3f2c4da91e0cdf28d;341
8fccaabbb450d74c93aeebde84d36e2a7c6ad78c;341
8bfe21ed1cc0ced5af802e218c6a0afd8be254c6;341
3e6d4890650b1ff45930eac2145160c2611cba1c;341
d94f3e219844e99262341604a09d001caa1d014d;341
91f29a0bdbef42913e1adec19bb5f4cc6deaf9a6;341
b737c663f2576ad5d5b462b3c80526f119166433;341
8e862d4fda62b0d4f7a051eb52b56814de725e18;341
ecdaf087eb855235dd803995cb64b08cb3aca886;341
125ad486f5382bc3703a2ca3daed3b424bea4d0b;341
c7329fbe041b4f86af7725f69c67427fe03828f3;342
0066925e843d428d76a9162c9fe5b8ea47a34eb3;343
ca1f992b796c546b518002174d2b80a642ab8137;343
0d6c9c04049e4361312add46ba7ec3f532973f23;343
1269e640d6136f40f4b7309ffde5caf6a2d7b1c5;343
0456158bf6cb74616e7129feac7f04f4d74bbae0;343
91d617690a8726b301c8d2b971778922157c12c4;343
0cdeabd53b11e5fd8022014992275f35e64d499a;343
29524f43043d2029c481634246d3bab66ac0e5a6;343
24a936404885fb9fa4d04aa9a90260c930c5489b;343
5145727449f45233011729938b815b80c5af7813;344
131ce30110b37e1e1e9becd395d6def8eb492ec4;344
88836ca533b9ed5c5531bc94c99ab72a3e0a5ae7;344
5c2d05b5a095149cfd50b1d9f6a7c449b3846d48;345
a6c5f7dd2fe127dcab7b7e56c7af85b4fdf14c54;345
ea2a825d3c1cb888ac731d2743edad46e3d50b77;345
e0fe6ca15291270620f54aa6fa782093739804ec;345
40c4d45e641af69b594971c20ccc070f0e6e13ca;345
1042eb2db3517d5209db2449f311e20ae7556713;345
41e5f80e66c0f1e6fb6d2a53c308c60b63108358;345
93339a132279d8484f71c227bd8b679786c2ac36;345
fd27c85d40f8d209ba00bccbcac8bbc812dbe8a0;345
5aa0d9c975a79aa5f95d30895b62a5ff703f9d89;345
917be8167b2a0fb2202dfae80326537747213f9c;345
796078f239360423227b6de84c6dcd57939d91f9;345
3a62d2b928a5ddaed3b007a7abba3a1a621d9c99;346
e56a9d717d611f54ae5bfdb33dc756796c598a2b;357
45576c34656760a4b32141352cbde80de0af8bac;364
6b4a91102195b1fa48994490ce4eb840c98088be;364
b5fc3ef322f001dc438d4e8c683f170c1fba5113;369
cedb68faf71307d2bbee7f82f963501a28016d54;369
d8e6a3f410923450879d0700f4e442257cc8fcd7;369
ad1553d4de4f43a06ee01c0d282d2d6e1519f2ed;369
606ee34551fe872a60605b5b75ff33d7c21547ce;370
2ec5c4d2b14988f14976696d4d84f5a311a79c00;370
b883fb4c5447f53f55689fe4ca7675506b128792;373
94d7c3649a196d8e7bb91a6dfcb401d72fb89382;378
4c373021ac9cf9a633ad8a504f63851f89d3f8c4;379
63cbd79307bc1599c284e747d2c966787d425f4d;382
f0eab16e5fe938d55df7819c250f5eedcb167b32;382
bd2b5a62ee6d74b67d78f14380a25a8253f0343a;382
d46177d7a16921fef624ad56fe88278825aec0f9;382
6c62cae556f4e65d7ee2da5318b5b7517c69e10e;384
c35165e955e04ac35d4d859b83f19681a3ee11b6;384
46d13f730f7a63cd4fd3cbf85917f95d3a31bb29;384
a9f42dab3eb3e5d90996bcb05122ad8cdef56860;385
1c69e85dbb88c5c8ba8cde3c46cbe705c322e5fc;385
5fdf039a0ddfbc4339ac2a452abc87cd16c09e8a;385
de7f18b4e9de3af340c7668233ed56761f600d29;385
dd5ca59600678affdf258591164e875c0509f4e3;385
ad3429e830a5bacb6d88e24c14f17c723120a125;385
468f73f54b42ea05891212164f01b3dbbaec542f;385
62cb10aa35461bd6d55c82d52af0b71db21b30a0;385
abee3368aef67b35db51d8406065fe7ecaff4ee9;386
a3fe6af0191315ba4434ad5fb553ff2a073f6589;386
cbe40e17ded8a9300fc41d834486db0f21ebbe3f;386
99d85330dd37a0246c7a268b54791ac15ea1def8;386
e3480e6a1d6587616e6209b260bb7785a9d16135;390
b64086d160a081a2f4ad2ecd917d27561b643b7b;390
0a27c54c6595119bfa76b5582ddf505d275e0edb;390
9801ed45cadda1d4f50280653a57571fb8b2bd1c;390
2ff152dc3de749517844f0fa22a366ce80b63406;390
131097b1c754b9ade12b0a9e67dab9db28d15e37;391
fd409f1e4892c439e8870b261ed8785872bc49aa;391
ca98af85fac8822bf1cd78d6a24dc9e4036e05b1;391
a772cc0a5ff788336a4d432a555521fff554c2f0;394
dc7032f49f315fb76430a33081142335477dbdfb;394
129b9e9c3e0a630b2dd24278455d8aa2d21ad4dd;394
a81ddab941c6ea39b65ebc91cf2b18ee433d347d;395
f2a00a1e03d72616db2c7ab999f4d781962ec7da;395
e70e3fb32bce90812d801ea4f3e4b147f722119d;395
9f0110d7d6031dc4fb10d5afa536c80fc9bc8b27;395
c673be6af12be6bc42327481a542701897819c46;395
341761f0e5794b351691bdc62ca058c1b1803d21;395
f3836b2cbb4a6226c40a7d96c90aa832ac3aa14e;395
97cb42157c4811991d286882dee8a3627f688d17;395
b292728c4bdf9dd96f24e4adf9cc57c58e2dc66a;395
270483536df669c997b082cd549f02423d31f9a7;395
aaa538f8db00d5a047dd40e49c5fdfeb8c885ba0;397
0491e93b7bbc76faef2f843ba56f2e98d9cbd22f;397
11100318b5d90505baf412714c0e2999a69a0051;403
81e851d4506396e574627d87763ebd44dd6a3fad;404
8ce79f875656eb62f62dac090acc69b8eb1dba36;404
c7122b9b04c72b60bb00b00dde8492a42f75d479;404
95d2ce26219398e77649b7779a8998c10c767cde;405
c88befe51e25e4d4c8629284034d8a11beeb1875;405
0036716d27e5ebf2e36bbb3280467fca6b78716e;405
e27ecb0980a1935f59e44b85dfbf6a77203f6f11;405
6307bd93b082e4ffb8113a3e2ab50f4d1ec7d30b;406
d514394beb168b93f047a87c7aef29f92b2bb0a9;406
32be36367d5ca1b63cd8e4954d9ee0f73fcdd29c;406
fdbe89e8777d407e1e56c23fd606133bf57c2f7b;406
a288240ed05ba6513e4245dc5096a4272807c42f;406
0cee3b928c1dc72ecdad2a50e8d78934a4fe98f3;406
c19d7cd6caae4d674b41cb47f02cf78cdb7af5f4;406
aab61f15da0783b28372ca08bb81fc91228fb185;406
d9ac89593a5255784d4aa2e7f0b0957981144cf5;406
026c28e50ffe1002c16e4c118e269ee5d7792355;406
3a6c9d1fcbda2dd86335b60ccafa257aa65d7f40;406
bc4461afc962a9398318ade66533f92417f2c9f9;406
4daf9fc671dfc020ed92e44538d5100f9d74802d;406
4239cecd46fd90b10ae2b7b6127ff777550dfa29;406
d02adcd52fed5a9eb2e9f617bf5a3dce25a9b0bd;406
3ed9344745798426bdb15efad79f9ebe2cae5bd5;413
32dde7c7dba661cd1113dc9d85475404a9f99e68;413
f7a6d49697e8fc8dbf2401d0e382b25fd003e6dc;413
879baa4051803b8b006bed2786946f730fa497b1;413
0825b5e5f194b855867b18757169182064dc894c;414
9d9d13c9a6cafb2bc3dc11b7887a22b8e703c9d3;414
184a24dd876f0f4a750d129d803ac4d676a93b44;414
5a06934688bac6c5ea5eecec8f7350acf7aeed59;418
8f0d405e3d25aa282bb4c215e447074ae5a3991f;418
057e7904975e82fa9b1d45d0fb822824c78e49a8;418
1f822c1fdc6aeef9c40ffcc08cf87412014c57a4;418
775d546c4829dee9900e20303e2915cd0fb9e535;419
8279434ff5e2f36983e5211f970be0d2e6f71754;419
0d56dabfc52e254efc2a3bf41283f3d81d1aa931;419
84c09fbb43b047f81dc6a6a3a05e6e4414109e47;419
1da2b26e72827f4be4f564d89d63d76d7479ec96;419
620dac7299064de1f348048f63c57e88827940d9;429
16e298a8e80ec649c6486ef2d034949f6108fffd;429
d5756b61f41b5cafe5535ce791cc1f46e7caf2d3;433
7d135dfefc0caccb937f64e9b2a5df3732c4fa46;435
2467f851eb8958e3e36f3328074913d20f6a317a;435
fb9a33eca97cf5aed514b1d1ee159e74ae66b57a;435
e3a50719e402a494b9ec5695bdb3913b7401336d;449
55603d12f1f373e7d3ebb596d1d67c3c2a2bb7e9;450
6aa50deb4dfea12ee5518f41ed632db0f3ec6d3e;450
3685caa4c76a4936d935b39329fed892e82685e2;450
2eade0ef8c06cdf0573585f4a61830d1057c45c3;450
b63820c083a5ee81438cfd59d1166f9b849d645a;450
33b75f37d817b3cc8fd31b38511408077ec0637c;450
15d51d26ba59720c3fe481fef75968fed76fd056;451
06e55aade8a4e81f64668ece00df9be17f0aa9fe;452
5ef5f9f9f13fe9d66917e40f15b219861c3e1b3f;453
0a43c60ad7656822f4ffbef3953767fc3d8205e5;454
3c6b05dc9ee30a688cb03c9bea9f8c4a7e9eda77;454
eb40411b3d93c9b6c838aa7db05d582ae3d01dbd;455
98c849ae09c16bcd85b5c0a2ac41cf583abf7b03;458
aedfd5304884f6ada5d2061498c1f1cc923e1ebd;459
68bd68e47f0830003521a902f4c3d4a62c9ceb14;461
082d5fecb0566006dc4e198f62f06c71e20a9756;461
83aee99e5434054a0040632e812375be3e1e1679;468
3c161cd8781a0d6c7e25979f9f636cd337849cd2;470
91932a20275843821571e3df625122a443a1386e;473
6b5963ce8c37ad9f430970c142a0196b83529192;473
ec8f8004464baf45e3a415659f59a4b37cbb5a6e;474
e1ba8468f74b06e3a64bac291b2478897e471606;475
b250d3f01ea1de777e8b2998008e1f2e3d143de4;475
53b3a3b95c70d11e15d6c396d6ed241a0a670a63;475
76116bf38110d95ef043dbad8fad116e10918cae;475
218ba45d0fe83dcd3b3f8a3b8917d72af792c2a6;475
e2caa8aa9839a0f10767ea34c180519c7530285c;475
1e8533b1818e615c5a6b357f11182e6e945d5370;475
113be6703be32c0d752e1d0ca6547273155a96cb;475
8effa67a56a3182d333c777432274a33d7ddf546;475
4d036ba33ddb6cedaed7b1491233ff0aab9c6374;475
9909be5a90473cb399c95e5a0a41be44ba5b3882;475
7686535802f0f1349e6e25d5e766f1a855ddc22f;476
c76cc3adacb0eaddae1e223f1b89d846f5b7d9f0;476
683d5d34361e12ac160d28981cba7d3500b17fe8;476
63893e34ae2c16ad6a0b60f5e1e079d0bee472bc;476
9e3c80063be49c8782b56d166c891cc2fc53e75a;478
01ef8075dfe5f4766a433daf862c9b47625c8a8b;482
7f33959a88c52bc615ed9f9c9d63c00cc3f1ce62;498
5f07c5817d523e7d816c7e212d75f65248169ee2;498
f0696467b414b0b4921cc8a25852e4abed8aa7c2;498
4974c32531e6b81de4764665fdbe0a0a60092fa2;498
e65416cf9daf3d1b42d7431bd565eeccecde0500;500
98353f8eeaedcf35a6e276b8919892959df0647c;500
12392c9843a98f75baf6c720f905e30531fafdfd;500
cb05c0bc18f0c4bad633d559efa79d97ac1fe6f1;500
fe0da5fdb23b9441ac306e71e64fd6c6151a8e30;500
0a58abe3f2a2fb7f16a6273871602bc93edcbbb7;500
be57c850940f757d6293adc5873105324e0b5efc;500
cae517f837fc0d64b586d272f0a284b96f111ddc;500
8b569fc5089fe4d836ac6ad8d4de76aced9f8ef9;500
d911e2262c6cbb11e589b583b26f0f05eb6d0105;500
4d4a7d6894bab656b7bd3564bb112efaad394935;500
aad78e271c62d4b0122a46388fb962e12d752f12;500
a9c8b6867db45ab951a23444c70415b65eb3c906;500
9f71d33d9b539200d56734ef604371aeff150bb1;500
18b3a263741c84aaf08eadc5c80e82d24576bc3d;500
38f45b8e29bf5b3934c0a0f1a940b1f2f015447f;500
e6fa6eb81195cc448608d04ac8f62e8762535c0d;500
de8f90d73216f96b6bc0fdf68863964d74125681;500
b272ab2f9255de504d83c089317d9fcf121d2161;500
a5443d21c1ccb869034eecaf2610e3089ef75499;500
35ef63dba9b865ed382abcb035a10d5761c7e5a5;500
9f428f04da4821d89f35acfbc3d9cda900e76166;501
6b045d6393f820fb0e2cc21596b8db467956fdc3;501
103d2ac5a533ab6dbea50af084069e591e392eba;501
6d6d19539209a1f9c080545c3b0176d76538c3fb;502
e8aad1d6470f6eb764b4ab7115ad5af64bc8aa1a;502
1b0a0bcd24b171f38c23036c01c18856041a0cba;502
23001622084afcafda4cac5fe3c50a7c0ecdabde;502
9d516b8add9230fa7bda59f2bccf9e925498338c;502
6bf332f7448f8b7b2f6f329bd43fba34afaef882;503
39ac27903efe58ac6a5a8e259857eb091a5ab8cc;507
b59b454158c6a86979574cda3539660ed55c88ed;507
391427f6a9f1e9bd9e4ede2c1b4733764ecdaaa5;507
1072cb36c21bc4acb7a4434c586592c9440ef0ab;507
9f0df36fd73f3daa255a437075c778fb2b28b082;507
e5ec67a02dc867cd28619dae6cbf695751869c59;507
4cc2153a30ce292827b424a6cb222b0f178e0217;507
32655bcaf533dddaa5b430ba7e11c37a3272615c;508
624c2ac8a297f192c5e0220d8bdeec4c49dfddf3;508
21b28e45e6887d56a88fb6d36b414f0a1d20bac9;508
e7d246e01c31afe307a8a181f84c4b8b28c1e1ff;508
b3682894cca563743bdc9c4dd97d9acefaba58dc;508
687ee1add5a47bcff272703cdcf315e2a509f0b0;508
49e82a58b817e65b8a9098b9ad8fd4a45faf7464;508
abab11ea7c47cd06fd4bfa6d34a7c196e7afef03;508
c94a97a473e487a66715f81a55657d3b89e0d4d5;508
d8a54eef26a9b280fa6e414965f3596bf98ef2d1;508
1b7f745dce440750435ccad503052a6582db459c;508
254f3bafefbdb217c2fe5ec7103f268bbd151940;508
feb558975fc17915e4fd486b4b55f9cade4a60c3;510
45a8ed9b39cbf006a82bc1eb43ca464abd38575f;510
33b8397f099290072cd507e9a143143ba76a069c;511
01427ed8467b854d5a0a42e8f309c8fbeb194dfd;511
0fb5d42a183488e60fbb852b943346b5e4647ddb;511
df0dea2e6ce1ce730fbd768234c21bebd405a265;512
627899ed513cf3c4dbc241f306b292138368768e;513
8818908cce6895af35bf78d14b828a3f6a18258e;514
c68593c1f31b4bdda0dc6ae420f35f1e5479f98b;516
11a7d59c5a51010fb7d1e06e09b169475a065cca;517
bc5c551fe2bbd1955271728b575b5aef9699aea9;517
5cd9cbd17e683616b65f948383cb4e2cb5887019;517
0de1fcea03077f5ec6768373c15da7b8b531107b;518
10a597b4aef84ab32c1ec4034be0e11c66481362;519
9bb82e6cbca536132e33f4a10e5c4c750d22a1d7;520
a4c5e213d00a690f02d4e2bab78fdc1c08ffb156;521
2ae41291f27bf9628e31340a8e9ed0479b451f90;524
08ea401b3ca8549c5a2442f484c51fbb4a4540c7;533
21cd73a24c663988d970f189f01207b8f61c1632;533
dc85e6769fc47ffe87899b23a2e9b924a50e47ed;533
0ed35ee7f290069131c0e15739943507c90bb86f;533
3f2cbc5dfe527d586d65ecb66f93c21d3f9e4771;534
9ea7bbc82c3a4cb981333cda3fe29c34490ce7b6;535
cb03e33502359c8ff9b98d4579b14c54f209a99c;535
40f0766442a25009293c698357093eff1ebf6353;536
c7bc8fcd13001ed6531d9ac7f61102844fa0694f;536
16630940f831c78ff2dd88da6df7bd2a5c05821c;536
1324fa4087c14ef1077b220f22bdfcfc8c34afa9;536
1e753c5b2f35d15927a53724b25599dbf26fd38b;536
c8dd5a6a6ab2bc2aaa72c16d8b271bd2bebdc0ee;536
b6258df4cb35f5a69c49faa66ee07532a21f4b23;536
f6faf5485f063711834d624adf3c5eaecc4ff8a0;536
51d94f189970a5bc90782891262010fc4347942e;537
40f6d2f28863af71d767138ffa0e5e152b2ab6c6;542
29cf8aa4f9f30ab6315d6efea21ebe47ee00f880;543
89acb727eac1a9dbeb0e359359b246e3266f785a;544
8f2dcbcbcf79daa0dd448a0fc03fb29ada6fa792;545
ab93bd298f9203083ee460fdd6529f7a347a57e2;546
a8533c8d36f89cf4ae14ef588594153b71a051f3;547
4451b020760cef8eef8798e414e73cd617803ab7;548
c1d87e8d9e395189747f4b5c2e12808ac074bf33;549
8fbf3614ef803c2fa3b6419bafffb18202d96a4b;550
13ac7c8afb5a01830829d2991ded8fa73dede2b9;551
056ce2bb5f6cd8166c4251f66438ea897d76fbe4;551
800ffdec86866cfbd92cfa244a56d9ede15d0dc5;553
6cda535628237ae8c17f5ee1fda74c5fa74aa481;554
3e9404554a3a3ad4d310e3a384455e8276b9d2d7;555
61dc367c7ed21f8cddc7da08b5c5432c3997949f;562
804ca390fb55146696703441741a2ee32843edbf;562
effe0e9d9e764b9ce54d3aad9e1eccfbf071c5ef;562
c464c730546a75ad8da2ba8c2bfe84b4c1b6a90f;562
7e417f41a1aef2e57e19299f8560d870177d9d40;562
123e9187ba9df4ed495a30ae7fcb0909ed7a22ef;563
035ad686e55c957c5e4e2b1217fb120ce9a943f1;563
24fe48d9bfb6451ccd821ca6ea062a8de4990f2f;563
1a4d9716a8dc72a3aadbacd2e3598c2cc4591815;563
2371393d19e47acfe4db9abcf4eb44d8e8d4aa77;569
59bfc62569a45bb36aa8d3de45a422300753b9c5;572
31e6442367516be34f8d8e42a225517c46da86f2;579
4e1c9b38d6ac6581f657d22019e66efc4c583ee1;579
43d4a23872cb4d348fed74f33146dfc757164d26;579
77de284f785f26ebc3756706501cc3d6a8dc4f3a;579
b72a41bec3177182d806c744615e3da449753b09;580
cac29bb6c9a84be6a7d0a9e54077e767e86efcff;581
98e01b79cde8fa56e3dc25f5cf1ba757e1dad0b8;581
8f6dd949c0cd09101c0a449278a5a8ef81ccd45a;581
661d8e7179b4910776c91c6b2b03cea1577009b6;581
d1099d0fe9e7d318848bc2b9366ec5e856f6a326;581
d0082ada884877e03f4d8d3cc2952e3b46bc26b4;581
4bf12e4a42604326bde9222fb01043e6f31cdc99;581
55358f9c9d15e549e0121cc1b3cddd4a06d1f4ae;581
0913c7006a8d584467dea33caabd85c0c268e720;581
50c0cc0058d0be04290cdb7892ab49104849d591;581
a0f3f03a78bce18f133c58469300708f7e18542d;581
6ba318885fd2ab9f1c91cb45ab6d9a4b052c810f;582
2c6df378e0ab4097774f2fb1e1e94846cf8a5951;582
d60726648b081871237b01fbd0db5ef052fcff65;581
600a91690eff11f1ec600e9054f7afff9506489a;581
67d51fd235c9728443df934fee731ad91dbfaff3;581
1cd2af71427292fbfb8a4f6660801f311e026553;581
fe8c9688b364d607473197a27d8c8dec1da435d8;581
9603733b914196d892372e4a90af945fb8b6555b;581
8012dbe1c67cdc25b6bcd48eb4c857e7c436a2ca;583
32e5c0761c77659ed0d69ca99c07570409cfd1e0;583
5486a8dc554d0e66208372966b5b90f3de393783;583
15ce164cf314e64540b0763a3b1be487f1147bde;583
fce0b0b7891dab608db459c84efdf2e84816ec0c;583
9c867ede8989ca2c36950a4748c24e9f40231acb;583
d22f00e236d266b49ed9634547e29068f4d662cb;583
9f28d20ed7d176f3623ccdfc9954dd86c1738d2a;583
083469b056955b5c3e2987c7f53bfc50ab0a674f;583
2d4ea6207036f3282064672b17784b852559abb3;583
50ed373b39dd4a9c19f2861bad683a779955f6bd;583
94935f5643cdbf3a39a160e6e333a9aed2bc3534;583
3966a15188bc8b2ccd6ed99e7be0af0664cdc33e;590
dcfed51c5641ac9d8b2143549d53008d63a381fc;602
04f0a1a26e14e90bd51dbd9e760a104a5f2c9dd1;602
8c5a6c6139784b62fd7ea5ffefe05a0a10692586;602
9d9649b607d1b3466e598091d169cb2f6ebb64fb;602
6df596dedd194b044f56ef5ecc159acf4d62d69c;602
7978fe0741da3e4e421321117233748b219cb11b;602
4bc082ddf8bda920f9811c226efba45b3da3d7c7;603
42210402f1d0dc3f49e03e126886f13930f9c56e;603
9bd1d048bcc1ce5f11367f7489f134e991a67700;603
64bfbe651ba524493d3014ae613241951b1a740c;603
7cc98592fe12ade315ae55ebf00a78fb5f27bcc4;605
976fe55b7e0bf25dc4c1a0747651658f93a3935f;605
cef29cbb21701a297e35d8b66ee000c4c0ed4f4a;605
3c488343681ffa8380e5ad17473549255254c64f;605
af0921e917fcc5f69f14e9bcfe320b605407a33b;605
14a1b3eaf91349bffa3de86cacc579aba2f8a002;605
b1e9c986d6c5f14e83125bba8c429205ac2c2c8e;605
becb2c6821d9f7fe2fafedebc5504562f950b636;605
f9d396c477e4fd608abcbbf2c5559d36e0220aca;606
2a464183abc3cef6c7775a7ddc692a7be877c4ff;606
042c03799b58fe7f51af6011e0f812fc68e6b216;606
fc9a4cc230c32c7b453accbe94e16411157ee2bf;606
ea721e82e9c1279e3395fb3d1fc0df722789be3c;606
466d751add4d74f699793ef778165afb2d26908d;606
01e76791dca5b2112ec8b048684cbc3860ccc023;606
3bfa5ba4b6d81d549710ddc8b0b75513e270af5a;606
2075c28f4e9871c87830d424195573ced67441bf;606
0212adfa4dc98e66e94b7c9694efc8bc658b606d;606
7832d21a41dbb32bbdef79753346c057416e1dfb;606
79227390099d85ea9c2b22ece366f2d698cc186b;606
946d5971ba8722fa93815b2107080c171cf0fac8;606
d4fd74c158d2f93c877945afd9d70416b290a16a;606
ba1e9a57b4e387192c65925ab14e25ec2926f040;606
d943e6d9e3f51a7a7b198bf7b25800860c450724;606
d405c03dc2ae65bf5c2ff27f7fba798010cf976b;606
786f582b7a52330c7f3ba6e36369e8e3a69a4b6f;606
872c333a58f1986849d9f882f8ced76884058139;606
fc30b3d608d35768375ba3046602489cc0002c17;606
c49e1ad3d4ecb4b319e34ff37612d8b850f8670a;607
5651d4e8cc8caed19a0a9a76dd31a0d8c506320f;607
59297a9e2e9f84f2999b09f7bb7bb84cf60476e2;607
20fd327af415712051b2b77bc06ffbba032e8f2b;607
b5cb0d9def4b244509f615b4288f368908da9c13;607
f397ef2eb7aeeb5f479d76e003263fe6318311a1;607
1318ad7c26cded619d1d43554109113e1b8c9e6f;607
58456f7d5fc9e698641d2f60d6e356ce0bedc233;609
ba92c367a7b8d732f6f0110f6a215123b4c52c41;609
5b3a1ef56271851e087786f832b140d7c9f9a54e;609
4433cc1a50f14f52b049b6941f7f7e75abae8fbb;609
32c007cf70f1962479673a2fc8d6945878043b52;609
9162a533d43ac2b0bf6a5c0899180c8af959732b;609
15eeac14ab0809dfc64e187733888e601de7506d;609
52cd38a73b5e8545b66c5f94715ada7fd13d4cd9;609
60d22eff3ad38c8cc44f7d8346a2959f66c5173d;609
f8d97afff57934aadfc2832b25ec2dfef6c96244;609
c3ea14e545ebe281578a7a56293407fff889ea37;609
f7b44b944da72974a692df4a215b7f048ef046ac;609
d3630e77e1391414d18379da8c4e32fb643b22e8;609
7def0e1817fe2df4ba4c2ea157ae8a278a95c9c0;609
0d90d6e006f2b744836d2f2cad53172e272fee70;609
95f9ceebe66a167b07d153a40d3abc2934f72d5d;609
d306b4b6495d6d39ec4366156d80c8784c42f545;609
19d901c3e9bdfd0568208250947e4fb6c35abbe0;609
617f4134aafff326ba76167318f1d2b39e6701f5;609
c58ad94e33942106afcf899dbfe04cb16ec9ce8b;609
f0d1fec5fde26b77b465617ffe0fd639615f1b3c;611
d5c18c2b6b4afae1e20ff71f9aac9f9c03143076;611
abaa764c92ae28581548acb2fcfd8aed925a6ba0;611
c886b6aa5e80540475dcb4b72d62247bef9e7941;611
f57e2b705a870b61c5c75b186221779cfdb8bbf3;612
0bd3c06bec226db26922cf775d593b4c9a4a97ab;612
e5b197cc69d73a0535304d1f694885f54a424f68;612
6e7368fd417f877f2eddf9b08c727e852a97d9cf;612
a698d74da4aeb240d5f7b45f4711323bed60da59;613
8fc5dd1521247577065381664b987eb9e329065c;613
77c52ff3ca0a85cd9953f5dcfdf5e982bde4b441;613
13814d7ad2227fa02dbaa9d270098fcf059d0682;613
4f7bde19c0dfee5fff836665e10e0572b0902bc5;613
e45dff0617e192cf582846162dd8cb6a404ab313;614
b0ea93bd83b7f6b9647f11e210a095dea73aa331;614
a98048600f0299c8cab938b17d383e5b527f7403;614
74e90e1a8c7f58e3c37087716d9b14eaa1f1069f;614
5ebefc138c22cb7739fd3234a7509de59adbc373;614
f524648d40c1b2015d42236e310ac18c47ed8305;620
0998257a79e365a2448ba6920d9c5a299073579e;620
037bf91ae83760bb9decfaa46099272d69b06837;620
3775bfd8f53e803c3299960d37e49aa8b72d1625;620
e7b1654160519526bb9d7cb929b4a9cd97102757;620
64c394d1cb52470822d514efd559348c6b397cf6;620
9b844eb0d9b192e80ace8845373d4675f06b2837;620
2d6e1e9f2b0a2efb536ff03a8c3f0ae23e82e618;620
c3a2ae412a4f1430ff5a8565ef2feabc2ac5ec79;620
10c7ab219c14a24bd4f1974d4c8f2900bb79ee13;620
cfda695520770d0b99b1917ec78a642beb095c29;620
1c6ca1a7864b578ced4b992c6b1e044bf44c2109;620
861decbb2ca0ca8dd95934b0a2f423901fd44d17;620
ceb7816aa7e1e7d4d9860f2c3d02089d9d540c3b;620
46a7554ac16fde31fa193565b14ce935e19b4794;620
7154dd19f58da195f607a89a66f20ae034c10256;620
34b530ab65e4591245d3b2ccd20b030a043be170;618
579ebfc7fc64d9e56e0cadcef60e70b1b55fa890;618
692661e31a074a38d3f72a68c3b985656789bee6;618
3bbafab58f84623fde5f2050a16616b1bdf18dc6;618
371786589a65b4834420a9ec30f8b9bb85a02ee6;618
7f1f90d2ba75a28a0cd83482d511c1fd849b2d6a;618
bb9137136d58f334415825b15f58c3173c923de2;618
5e634565bf3bb48983f9348450bc10f7ebd97d9f;618
c4bc92f31e3be19fe3a07f12dd8a85310a0aa55d;618
aec9a04556504e1623dbfb0bcdff05bdccf253f3;618
bd4d6f9253b0840f93a6f57c330199bb59fa08ca;618
b91c99ab6279abcc6717d2271d0f1ccdfa094565;618
5301baf28f063ddd3cf5d25601d492c113723a6b;618
1197cbc2bafc722acdeedbf15e8088a887cf0b74;618
c3eb0a8443729e5b9b2179297201e8521ae0ff8a;618
9e61393088edfa45655285eb02a7d23e22720efb;618
b637c8494103ec295b936a3ada8d39e4523bd837;618
5e0f5d0726c96ec9c223092cda9089161d1561fb;618
8d93aadb8cd2773ab1c0ebcddbb465a94d267675;618
f52283281d20ebd846f9546c7940292e1ab12f58;618
ab856cbe9513db60d31d75ea436ad39002e01153;618
f32cc4bccf5e86cd804bbb9c23692137c7755916;618
d7b334ecb2251a1bf11fbcd36a30ea53bff64738;618
a2848a466bbff8ae8460c7c1385bf557964482a6;618
3e5557462ccc700b3c22448f6d55040b2b9a6955;618
1165e1370af91d58daf194e9e54d2a4ad3dbb0b0;618
46a0f75a62f588d907760c7467d695a5f47734f8;618
4994cc0035ef5cabd366eb0582f5571669288dd3;618
a34417a98a8721cf52d8c0f082d5ae4086e4334b;618
1923b77a4b8d7ad4d736f9734f7ba9175a48be8c;618
6009bc2372bfd7f59e86d5cd702cd0e301f8a924;618
aa2043fa54c752d941f87b67b63e1a16b2e37349;618
2fb2ee9d9d5d77cf96cdd32a83d28470ae0e8a54;618
71ab0f0f48434d96f1959faa4fef88155ca62586;618
2776381c9e0ebdb4e61d83ea3067ac30746583ab;618
6c4e2b5b495c68469f3a651bc4be52f675af0f55;618
f85b1122f0f682dcf0ee078c2e91e67d2b4c5d45;619
55accc19a33d47f9325aecb7e4fae266df168248;619
7f5479f9b882b93944c4a1e71a6dc46fab9f1098;619
5d04a651762cdbda8a36748ff45cc29b980e8528;619
1fc96e835d25747015e50032de4f17022618de5a;619
cc7b68ff5d824fa028e62c2d3794f260c9009144;619
8da0a73b81c0104c78a8538195e279368d0f9490;619
79dc06977f51679a55e89a74a4130098e495b5fc;619
5e2179b561cee5b3f4cd2af93e20a36b2260fd2b;619
cfde1de811cd1a032fb48a5592c37b5ba8bd8c8a;620
b0ad9410b93642e3b0dc8d40e0938d1659b12327;628
222266cf991234d03e2cffa288b88679ec279019;628
f380e1e1c254d493ae5eb2ec3dcd7fc3d9cebf4b;628
0d774376644a5cb8a57a343f6b5e9d37518427c2;630
bc59101c2fa004ccf0d9a8950b62f3a8af932da6;630
8b5a98ec4e6276d3a881ddd8a1e852af4c04d3aa;630
035d4f75dfaf3f5577906efdb0fb9bf497906618;630
4cddeac502f2c3b0726b15cc666844a4deb4dd3b;630
4e8e259abe9a5b925addee41e0eaee272b008434;630
07801899bd7d259cc4150de0a0a714b066da6178;630
ec0e81bacb631269dedf2c0ff3183600370a013d;632
f5aa1a81e6d9d325613167414a45b106346953af;632
63c93a8095d793d6e0b89086cb1615ce85c35040;632
d063797fbe835822cf164af24871ac097909b436;632
2e5a93cb8e7319309d492922eb0eeec2206e454d;632
4d037cb2b5aae082159371b4460921610c8af644;632
d0922cd943b25179cb1d11ea0d3cc03ca2d7e57c;632
4fde4a99cc9a475431c94777f3821cb276b3a8d6;632
f02712d4ad4b832e9df7ddb6b33645dd1b2497f4;632
9bebe57336f6d8951ecf1e77308ca0b6d75ba71d;635
77efdc6c2abba1f02548e8ec5b854e01bf77654c;635
99a6ab383de0d075fb66ce5ed058f526bb3e0475;635
6aa9bd5a7cf32f1f34fbf1cb32d092dc73efe026;635
8dc46aecdc0cc2c9a73a8f9043f6fb168f959e28;635
d48b33c5b10b47c420b4d35a48794f855893d445;635
33477ff6078ea61564bb5b176243a23991fe56f4;635
195bcc1eeca2914b3b3559dbc1420a79b3a92a2e;635
59a1b5904fb71ecf120acab89123718a09f774ba;635
8c3acdd32f30b687afda9cfb03d5a0a3fb762f9b;635
b1c9dc06963c63bfaf4478d9e2fdd67fad7f0fc8;635
81d699c27aead20b8564c7fffa59a6596658e02e;635
33a14516510b0b1c5aaa4315dfbc31f7b38c4038;635
0b5f1bcfb282d940be03544bca74c8cb318fa8d4;635
5744305b48ec4a2bcb249e39a21ba144dc48ac88;635
ce90d0bfc63e2013beb7e98679e0dbf09e1c1b68;635
017ed30e36d526ed52f76b3214695678fc12655e;636
869db15ac0b9360b3ca0519f15f7e1764805e5aa;636
6568d40bea3b965a61118fb0b5ba06acd3d8469f;636
675543938a9ad344f3929a5e1dac815a4c85cca5;637
06a32b1099e235b03b7ff0901653bab3ec3cacee;638
1addda75904d8305e62e91fd3706fe4aaf823b1b;638
f447aaf6842b120f8107b3daf13b3176882c2448;638
41dda8197c3d906f3e528fa74008e12cb57468c8;638
713cde73a53ff1bbfdb8227b7796d2aeef1527a9;638
746cbacb5ab9d4209b8b48cc2dc3b491069fe128;638
7eb023cbe2305db83995d7919c261de6dd40a792;638
f7e48b2d7159c3dcf9b971fe4cf83e0097e45db7;638
061320606f2797ae56bde52554b2593d3da8cf92;638
0bbf805785ad9378abe10b930d7a16c50306616a;640
4447a354c6daa38880a11d70b8fbb8203d09794f;641
9a176153caac9468e5e9aebf12ba01f7838162ee;641
7299efb9199d39ff7177f5f2d7e7ed0a3b985917;641
2e23fdd0f834e98c1796df07a0c99260c18291ba;642
6840c7ba0b3161ca5a0c5878dbcc23cbf0ebe699;642
bca044f34021c83728477c92e6be6b12508c6001;642
d72f03f23dab9c6fc88ae0323fc30e071f082559;642
b8ef81ca93a23bd4ba9f4f24e998c7ca5408d40d;642
9300ffd0bb8f7b88c00ada13e89d3598d9f2cd3c;642
17712f89ff385cbf99ae4a74c0df6efa1bd7bab9;642
bd1e6b42ff4554605593c92d88b80a52ff7d0dff;642
7d3d46dd5e503edacbb34c0abddae1d45a36d127;642
eff00738a67d30034e6ab51e3275aa965fab09a9;642
f359b99d9f4dea86780d5fd2368f3c91bf77af48;644
43a4892c91f323aed1cdfc2f12924ec38590f3e3;644
63555932da184171e1e55a81f2b5bb6096d4be58;644
0c46e4deb0a13913dbcd383929f04cbf64084f33;644
c0551de986f0dc3fcea1b6b9e661bc7823c8a36b;646
55a182d064c57e6306c3924aba01379cfe2fd882;646
3d7e32c581de927cc9978507aac4b6f6f2882c8e;646
041697017cd50fb032dde8ef346412dc7368243b;646
e447a1ccd5050591a4bde8ab6dea8debd9496cb2;646
9d51113069934cb4b268d04ce910d9c5a4b07e26;646
947b19f91c54d1b1e51849b1b873d6ec93b9f6de;646
0e307ed65711130e8102b853f8fe51eb2d3a379f;646
ba64d26a0896214d195a967dfef003cc247da617;646
4e66ed1b36a07028a7be50bce43e5bfa434d6e3f;646
5b8951c48717d6f4de776ac15f502c44a5db7674;647
ae72bf06113d59f07a35a322be2ce809368ca9ca;647
2ba96f0afa6e1a73d62e43fbe54d9cbc1f1a0422;654
1344104a0b207953312134c3111182561c2757ba;660
0e2f3891a3a88a413129e0db8096bc9019e9b550;660
f88771a096bb7e96372989c29e91635dd64f49c1;661
559c280e40fbfffe945c20ec1d898463a1668f13;661
031b278a74613ed948683b2740026062d88e662e;665
5942f6272b151837416bbab9e4b2ef36bb665a75;665
ed93614fbb5169fba3a98c550953e860e7846eb5;667
64b23a389943ca9bdc632deaba447c7fb98bafc4;668
ec2042514932660b8161b5bae68ce40af0162c24;673
0d7e7601d0d216315c7b24bcd7afd9998fb92a87;674
8e6654c9f0d1854461dd617feeebc6d83a38e83c;674
f599d31e3150175671df941583d5d92d5164de10;674
fe2ba152f8ef2818daf266c5f04e1a7dc484dffe;674
c48ccf4950256fd617372d04ef5e0773a49b7e6d;674
5b5feeda695401394576c8ac4dc9537e5be0c28d;674
7f90ecae170c4f41f7ce8c96ffdc47a889473905;674
2e07463549e978e526d9a3e8254be01530e97f2d;674
b2122880747df7010c7bd5c1c626755f1c55cefd;674
ad18857c8d6a2e5e4b803ca5787c9814b085b434;674
caf538d30a75696616613212f4a6faa175950ec0;674
ad260754e8e34a5dadbbfc8631da513acbe8b710;674
ee1b211f38dc5dddb01f0d41b89def2759aa5ce0;674
d74efc20d568a42bab64c11703530bf5a1b4581e;674
37e28e9f4b15ecf01c6a0e6a2ccf9a2b2cc1a494;674
d06ca89d4f26259312c97b30499d528c33716875;675
6bcbc8be3de93b11ead94e98cdd326d9f3f5d918;675
7a6674bb38c19b4e5452ff6555089a3bc67f3074;675
b9510ef6fa8fdf1277d551a396ef6142e92aaee5;677
cc76d2e849636ca35fb3dca8fd22ffb8bd4aa5df;677
174c01cd5fc672bd2d803edc78959afb4a182709;677
c8b9db8898773efd22eb9320848b71497f373aba;678
ca53b1e331939d780742ddae0d03f472b33d41db;678
c4ec02a0afd9af1d4b3e6ec086e9a4261b0e7d76;678
8c57cac78fa1c5890ad2398d68c0957e3d447bf5;678
e6cb14c5c3da58d9cf660e0607869d324df14595;678
3a3baa8c758945273ddc7e9752eb55747ab303cf;678
b12029b446332c20799bf60ac52ec42412eb05c1;678
a965cf28d18646cbc6bacb385fe6d14a56e5b2c0;678
cc60cab47fc105e756862a6519a403a57573679b;678
5477a11bcc0b43333e8f79306de0be8bd1dfd60f;678
df8ae323bf0b4879af54640aad7b0f5919a42470;678
b5b8ef46793a370eb18cf0f97260e863eefee790;678
ec81e0932600fc48a0dd8cd93e4bf512db1624ba;678
7b3e0b3f44250552dd88614d665c67e18904d800;678
4d6764a41f8a36d2bdbb57cda2561b39f5799fde;678
23018d3b951fed4208c4563204a0c166d1c38cb4;678
bb8902dd01d276efc64c069c236b69d642e432c7;678
b823661c265d7c66443c91aec6cd959ac7a5e6a6;678
4a657e99efe9c2e81fd80207006473668eef4756;678
faa1a32f6b72cf0fdd66cce5e0d71a12b658c396;678
a9315f3719a81c3c7daec55242daf3830fb21669;678
3e85ebe0e45126eea7905f0fcda67803f9749680;678
1159ecbd9f872ca561b25387aaf4e6521b54f4a1;678
5effb4165cd29180ce81b127db096e095169b49b;678
a35befab269f9447f28964974a7a2a156af25447;678
eb33b71414e6d6e24fa83216a283900aaef01c26;678
c59430d9066fd3ff54a8d49e2537cc9bbcb4493b;678
5ec0d47df344161cad30b80d03f9e17e78d2f5a4;678
17b6bb5977e7809686648d03150a2afa2ed7f8f1;678
b9325c540807be6d55d7e40cb8d2da736b37f792;678
29ae2317d3930c5742c3d4293f30006304ba1f3c;678
5deb0ecac99ca0d59fb6bb21f102ad399bb29dd6;678
69930fe2bd2d77b9be5910bf9c55483fd5622bab;683
591b068b273b2cd148c63339706c954d0d2968d2;683
88476cd86f90e73259bc0d30109e4d4ef459bca7;683
bcdae940298e70c101187b2df0d886d42ae97fbe;683
bec7b57062c217e0e7bc23557893281087d226c4;684
681c999216c51f752c78101ba4c6ee5967ca6829;684
0caa7dd0c72a9bfbdca65081bf00c3984e3725be;688
f67fcd59ea13c753f2b35b12c8153c121b306dcf;688
43ec6a4155a4a8db9fb12d824e6c5767495a3cd8;688
2d1dd560bcb747473fc1520a116576f1877c0a02;689
005b4f31ea945b115bdf850fce36214cba616137;689
5e050fbe914276049ac022d775f49e7132c2bdf7;689
4ca66be1366cc205383fc90e4ad46f1f8ebea037;689
981ba0bf4e3f0a9c4aa3f4f8ada199c28e4e723f;689
c36b32961c3323c4efb406909548e7ab5143eb88;689
5e42256594b850e7b0cdf7ab2c8f1b44ba260b67;689
e32782d963589ba5174f188ef66bbad6b85a4c04;689
53e42081a8de2df14da8ed704bc7a992c9aea0fb;689
d33ae957fa162ba845cbc3b68ec85f14c70c1df3;705
73823c32ade1ac0ae8ea4d393e9914b2501a00c3;705
e9e9570ac58eb566e47a77bbb445a8b8fae0910b;705
3d1f1d3cc64be4230ca36415a54ff717f9db4460;705
d26b551f78c3ef7168b745a7826dea59bf42bc49;705
53cd9b22fee6417fb79bf6780bd49e2718449c37;705
bed458059ffaf513166f3dc0dc5179d3680d3900;705
9e9dd7000e9a360e470df3c8f9c393bd082a9a16;705
6fa5b04b608a9affa16a5ef0b75945644360dc5e;705
5aac256f8b44b00ca75f2e4e9f5ebac93d2d3bbb;705
6f5243e69fb3076fc1c0963fddf7f4c5afcb4e07;705
463c7912ae4428ca0b839be1cee1ce41cc8ae76e;708
830acefbb6b99df94e3424f652fd9a8571b4bf19;708
95f172c8a234b6f504aaa47c0a76406ebe43d0e1;711
eacfe5d31cb2108338b3b9ac993fd86f7cdd068b;712
2ca6f3430831166aafd4daea65a40da83dab8ccf;712
ca5a7153b22ca08197890671f10c650d20733e81;712
cbca60519b2cce4b5c916bd0eef90ce095173f0d;713
b2a52297a1c3228b79adbdea219bb27d8df042bc;718
b5ae27f806df5ff21b4bc483b652c5211b33c8b0;718
2e8460dd2ff3135128867b0bae279c9c5cb13132;718
b0bcc5e6e4d3cfd31c89763cab9e20c86d5b1a21;718
b0e63b1b564b15804c67196d384f7ab9a7340d72;718
dd9519ce4b2f1a43f099de954832ff7f1dc81f5e;718
622717137e1f361561adf702d52a731f7b47f89d;718
7a1a756a11e9d47f9b1aba5893e4a8a51957810f;718
f7dd2497250f87074370d88feef2c0e84067b78c;719
d73afb53566d35af321f40215c587a3f82ac94d2;720
182e2e7f7efbb844d37dfa49005bfa4d35d60bc3;722
f7c2bc0f2ca80c31b64b02d5899fb83efd5769b3;729
fb192af7a7cca9619a60036c1bce675e5d10a660;732
ce77b1fbae8ceb809d457452cc88239e6e17f086;732
f5faeb0fc08fab8b504b3aaaf2910f096f0c9aef;732
b59aefcaf134c98474e21ef0c55890e4a04c7c2f;732
8d4f652d25dd1fc6ae81458fa6a6b0d1d5f4a0fb;732
14c7151458d2f2a27d312af88510cd0bc6840ca1;732
4d4fec8182236d4166546c9a8a48182b636ac78d;732
fff58bf80bb608e7342cd5dbcdf1223ceaf6cf88;732
ae0d13418ec189493d9fb6a6117be0b960d7840c;732
52777c8c8846677a4d9dcc8cf0ad0f4517591657;732
71eb47a867db1376549f981b99ff02b204429531;732
af9857fce88719eb64525a13339e93dcbf75923a;732
e3819d17457d655a71336599f9643613469a7c26;732
73032ef822af2ad50948f232b227123f0bb49a6b;732
bf2de884afd3c23e0bf8bbff69f5bf592b66351f;732
90ef3ce91de25fd75a875e100848b8dd29aa0d20;735
e9338807e937eda6cd0e6baa9bbe4303ea892afe;735
c49d1b2be446177cc20d2156ab2d5b40560439af;735
348c24b054926fb00de6fc9079ba895c4968b16e;735
18b93284ac111bb9045d9fee424d5e7317727206;735
e4f67603f9128cce7ce32c9109bdfaf44373c4e4;735
fa3cb0d8a5244519866a5a7530d9729a9853bcd8;735
fa889b773fd60aa24d0cede927d2e2cb1963c4ad;735
a3895ce7e6b2f7285320e8f07c510f40ee3c2403;735
406cf90d69a81176ee2764c95f98b061c671e180;735
9a1ef877f5c207c580b49ea2f08ce3945dea97b8;735
8128be93fd0a9daf91785225be080685a4b60dc0;735
2acb98c592ced01db7e1380a3ab8963c505c70fb;735
4949d27bf45dd7e1e558e726f9fd7270db7c1378;735
0010bf5b26726724538c7e2bc682ac12830b8a8a;735
ab48217c57400ebe2395fa3e8e145a8caf348b68;735
f0e1a70b4de476ef9f1e2a0999f5e0f08241f32d;735
00505da1df1a1342eeb2ca28f60f9914706a1bae;735
982fa830c8c0fd70b1b70f156ca39213dffa4f6d;735
9d1f59ce83785bc016b75ab829158e3c48a19ca1;735
e44eb3f09a24cc9767835b3b4c9307d0558cadad;735
d07e23ba90252211f5cdd665e4fe275555010edf;735
013aee519fdca1a9642c12689babc4830c79ff7d;735
324c3209f17d6b79fe873001a821dd979af35104;735
31418869fbfb6849cc2310044d638a94946cfe05;735
4ab16f6bba4a3e603ddd2c046a0ddb6e08e376a8;735
c01364c4ac0ecafd70a41af64654d5887921e6eb;735
53c00e263548e8d2dc2fcdef5db6800e0920e406;735
47447b1d83e82e10c737a5e32e198ec252f2f098;735
fe558f6e503d946eb961c9abbdb986ef1c152843;735
6f09ceedcacaa05377476a3fe53cabd4022ee1ae;735
245816ee70647038c5f41b092c1e30f2d8886d81;735
af716a31a743b2e2260e36ed1a3414391b83de3b;735
5d4d789230e205ac7bd35dc0c0a905fa429a0e11;735
9adc6110d57d243ccbb5d77bd1f6b267a3f8c9b9;735
dc5bd437e5767828290e6899b428cea419b04d27;737
d04bb381836f15948755b33162c3ba415e1d60fa;738
4f25be755a1486bd16010e01e42cc8d4f24884b0;739
b8a4b044193195ac02ed77b7850e7615e914d9b2;739
cdb2e2fb78b2743662d96699748ed2f80d73b142;740
a7edd3cc8a36ba65f2e02990192320cfe0f05621;740
b7c5659b782d26c100e513bccafac62e3ec0765a;740
1bcd0a1b1e9f18196e815192853ee89156409fb8;741
3792b541ae1de0fe30375897ed8e81c9cf53636a;741
0f399beaed095d7600a5db59b62b5bfe69d3747a;741
30e530b0fc800248ba374417e690a9bbaa42da84;741
583bfa5bb186761a218faf9fe8c9eb899cd09480;741
957f57009b9282be75aedc93acbc8e7b841b4a67;741
24fbb3c83a449db0f68290209790736343652dbe;741
7f53f63bc302fbe9bcd331acf9036affa697135f;741
31c24e24d0d23afbceda1be9b3a5635b96f16f47;741
288e90b552e439bdffb64503f3590e9258026454;741
03fb4272335c8ba86cc4a4f51ecaf2949ca06b1b;741
dde2d3803935329eb77ed299a79139e62b55bfad;741
5c00d680bf718eb53d6de458d41dce55ce1df933;741
f870df9cbaee6490320d20823a24cd0ab3894e8b;741
88910130f50bf58ee313ac95b83de7231d0c849d;741
662cfab9017b8a5de8af8d9e9456db98128ff931;741
e7c8e0808e51f5df168f9ad5440cdefe570e7db3;741
fe19463ed67b48183dd64781f2b35ee5fcfd6619;741
a3adcabecfd94c7367ad720ef4ed3a4a742c4d91;741
a01ed608022983739d48700278d3e96015b83d35;741
9665570f8a60052fa17a51e92e0b9c073e905816;741
60216820f033ad1a2b79789708db2bc6b3040cfd;741
5827b531e420ff58a8dfefc516117fc4fb1d4029;741
3554dd6b3fe3b2bbb5f9a5e4f4d870a995aed950;741
2fe907a035e1651ea5177e4051ce0525896e22ca;741
9d072d06a20bc4a9c86eedead7434f58cbf20ec6;741
5d8839562af4c31f6ea9f8072dbc6e4c6122d208;741
e50cd6ee2811e86a25038b166cc0fa7d5d8a6266;741
2c6967930c859a7ba22ba96477f12e0762f22e0f;741
51331f8440b19389d43d792f53f410c12f4ecd36;743
2f3045ba71069f14ea95bb0dc7b0bd76733dc48d;745
8a47b1fcd9dd7c47dc343b0ee7cf9bca88cf3385;745
d1d2b21cfa38e31d2599c09cc51ff13d56a20b59;746
4d8ca5f360ca855a3db176002e2c29eaa7a8f197;746
e05d62908a9e2b5ae48e5df055bdc3616d48037f;746
402b454f6cc6405e7d2dcaab0c7663b161a602dc;746
5f311fb57e7c285bdba10579093a94fe7ef448b5;746
ad45a0c0a986a5dbcaf83a05bff97e8ccea9633f;746
520bdb37b0ebb589f174299d709f62eab216c8c9;746
da6c893f3192275ba3d106ba5ae0c7ce7ff42254;746
d5a5d5aa43cef3851feeee0e9a5eb5bc9da29c71;746
b6f3fef8b212e49664f2ee66ddd7fdfd8956e61c;747
8dd536cd7bf2c42515b4779e790f7ef8c80bb1ac;747
d7fb80ba9ada60effd78ae0cc6858026ebf39cde;747
6c68e413d3b7cbb2a5b657d0378dd48ed344b5ce;747
ab95a17b9e2a3493d0892a7dbcfabcd9a0e7bfbc;747
96c143d1c2e9c2c8ea1d84c257cd89145d699b77;747
508622fd91c22eb6d2b362b90107f5600bd1e5a6;748
9dee0b11026e67d8cc52ae2f24ca3217d87a216d;751
527cfeaf1d7b2eeafb603910eb908c2f52343d9b;751
55a527fb498fed14782fc0bc34b81e6c8ea7f1c0;753
46ff1f34f6014efb706760fb2c2e1f758d61d609;754
93646041e3a4de252297f1eaae5c55900c746ff9;754
074fa2a559a255466a429260e3b385814abf0b76;754
9d11f773c6ea233dc5ce3cc28979e6c40bf47cbb;754
b5886dac7cf03d86debc0e2d8c668247a05f8795;754
979d8817bc75908844db9946561969133a1c023d;754
468f4e15e98de6892c8fe0df261fd1548c1080ab;754
b4842e9ce81d21cacda1f68819c292b60cd2b0b0;754
e3a74de4a025b010b35723da7a7f8fbdaffbfa5e;754
0403277bac6287549a060682bd0c34a1ad552285;754
dfe88e3bcbc114824bc59a5f4f75064d5651db96;754
92e329fa265572a8c430990a3637e93655f4e578;754
df91b2a1c302cff01a7ed89682b9f2b89f968889;754
b08bdc13281d62b59dba98b38ef9654f6370e704;754
d161f41743f45d580368155dee3422eb249c9b5a;754
d554bfde23f3e883ca3da4089c5f74434c89af3d;754
86c8ee4eae8196a35636a1202e2d507ebe698d5d;754
f0b158b6916ad8276fdcc2b7b2f6e9733960b2d7;754
07a56cccee4bac34338ad30094c6d1e566938b83;754
e17a16b242fa695e7a869c23f388fda7acb07d9e;754
9924cac58d7ed1aa2f327ab71d2925909d51afba;754
88a22981ab0db1ecf4bf9db497d5cb9779d39a29;754
0522bf05dc59529fb56e3f60a956fb234306af3c;754
c4e00f2cc282834bab074e3c0b3135107f0d4d97;754
cc31644fd019d5bf3cec8c4006d48e5b2dde9ecd;754
547defe86fc058be6233e5345a6828bfa1ec3d08;754
a83e5bbf7d2df3901fd5eb23943c53c340551018;754
66088251cd9aa28b3906a6b11fbb199b117017d9;754
15ca5b1bee946cfd232250ff8fb075f582be24d8;759
b22e63d71962305c1bb38eacce770fe2774f4ccb;759
4df05c7e46642f7ed2c5fd0a58c0aaa048b84a6c;759
cb58d398cd5278f0698ca01e29ea9195515e05a2;759
d2e55577c95dabb9dee6a3a6d881e648919baa06;759
91cfc4c31a865443bddb564ab69999f2040756e7;759
ee77f7df022a84a82049e046af852b771be85af0;759
612bdf4a93480d7e0f4f02ed19f2c2ac3c7dc800;759
6a68a428d24f9908134e84939d98f67ff04885bf;759
a7be3e85fbb1376474726bded5c43d7249a1ff4d;759
7d610a6fb2603dbfa0eb6b53f5d1b66befa1e0bd;759
a14ab983a43870afd9353987f18a81e1a43f9997;759
d9b0f57384eaf2682664ccb54d5ea482f9a00632;759
8c00c4c796b0689ce799b5921919b5a48cb6d1a1;759
afddda242b2027a8b2602fd971785361a6957545;759
99b804bd042094dc7accd9dd98ef5436b4a342bc;759
eb5f3239627d51b6f60a57761a6ef4aa3586210b;759
25cbb20353d11967dbddd77fc78b660044ae5526;759
93a80f4a334475d3f72c446d90451f4a97dcbb60;759
32a93dc7a62106d430992ac66288ef180910ab41;759
45c622a5cc252cb7535c1d69486128e2f078c941;759
fc88bfbbd84a27830e7bf0c110d8195a1b55223d;759
88aeb80a840f3649d424ab95a00277c8d4d5c355;759
d04a46acc86a470fe0cf9e0ca4101a3da2185827;759
e19370fe686977e2e46c126df9f9977b824e092a;759
afc536984d18fe9bd522dffc79b1ecebd6df0e98;759
c20fb86010c3db0f716a8b43d41566516af6cfa1;759
fb6f9648038bc41685739c0e2b5be120f9e880fc;759
616c587b82c51667b69801fb09d3e830d19918f3;759
bb0d9709f3ef59d537ff7fa0a18fa5438be91ce6;759
3281ecf4da9c911929a109d85f26fea815f715b5;759
ac8aa7eb2251bb1c34e27d13d8987967625aa3fa;759
b91d5aa7bd06955f9e9c10a96d9bc82072593408;759
db11a7fbf5cab70f1bdcdbc5d5e0f79260c5aa83;759
4eb72573e1109c53ab7f89e8fe53eae7a891e8d6;759
5c21848c59325b1aecb415f6933ca7b3c0e0e869;759
f7dab49c64c5dd5728bd0687f3769722b1c23115;759
c6872aee6b60f057a6879258e08eb894b31758f4;759
7d99ba9c481d0b8b8c445b77381ca77cf74ea239;759
8d2a7a6d98b73e87181a216d0515f6e6c2ec8aae;759
9fb9977022fc44ddfadaced2e60ca2a5b0f26b17;759
b7ce24b0f0774c8857e93c4bc2970dcd8d1b2c51;759
d814f67008b7fbc632b45cfbebb6f138833a15f6;759
5343a37712c0e51d05426f326ea75b6d065ccf6b;759
696f5527d6b1dc94cb3657fca041c5c1c78c026c;759
3d51b9cfd38e5f2989989ce59e3154a29d4c9a01;759
f7eccc0059c64bc02a39a383c45fbd7b18ca84cd;759
c689ff7f2cedf4e3c47e99a48a0b08ace7466e73;759
f74a1d5816ad13faf7eb2d6dc29166937fedeb93;759
e4bfeea66ee6311e0cd9285689d88c5ef99503df;759
6b0381988048167d252882e0f9b50a8979dfbbe6;759
d25c0c5267cd4aa7e060765077b24582e7bd109b;759
47e8c2d4f5f243e4efc29142699e78c467142e3b;759
bdc6745fba402d4d7bceb6af1c965d4461f6c69e;759
c5d34e4be672ef28a403d66600d1444ca4d2c7d0;759
e805e796deee3e868179b04f0bd994c1bdebe17f;759
8d93bc579a81165a86a82f0a771fa2d179aa9bfb;759
3e0fc47dd348d6acddf443aee0f978d77b14c9e4;759
4c6994441f3d9052979c458c0518ad3c418cc4ed;759
1cb659cfb0b5f03763b6a4a78e5202846de27d36;759
917ba488e5f253607cfbd4b86b52e2ef16847ebe;761
1611e1294088b18eaa25d7af5e1bb2a13b36bd71;761
fb337657405d8f96c95054d6771cbf145b54ecc2;761
3c1b562e6a529cce7086e8010c1ea400a400bae4;761
25070091416c98c6047d20418fbaa007306dedcc;761
df5944331c321857be8e9409002f459326f01c6b;761
6cbea1ddff3a959ace0be9f66b16afa42da7b22e;761
dcd1e064eef4ffabf68f0631c83b427b1a6a4520;761
2ebaebb733b5187889f39f02706a9f46c0abc364;761
61b7079023210134784ae4f3bc8eb069d74e9ca3;761
2bb919aa8a78dc5988dffe29dabbd4f6fa16a5a1;761
ffec608b14ce5c4333b35e78163158cd12f6c696;761
1918048c00924d724f2ffff5f76bed52ea814668;761
4db89025d6b6abd14a7e206c857af3df74e9340c;761
042b61d57696ef3038ac7b57ad95f41e18355fbf;761
41170a498e28852e3eb4f695f5a0a68b0411c809;761
3e5e98fdf775c87e8f54909fd48bccc265881bdb;761
9d9b69d1a5c438181d56ca01034ab22720066678;761
12474171719c2215094c7b217c627353c337dcf2;761
1fc72b0b9101f263ec65dd9778a67741cab00bbb;761
6d9e2aa05a61e161510ea4d92ac4a329cd38ea0a;761
56d05449fc671ee9ceac9c7888b8c2c0a355c4d2;761
6c8bd2c53abefdba07155c1e54394b081c77e6aa;761
d5d1b6be7a11341bd6d3483e107e710436c9789b;761
eda0734446471e9ea9135d5de1eaa8e48193ee68;761
9dff979dceeb6e7679d0dba8e0573890e43b23d1;761
4301a7cf19f6c3caaac631f7375ea54f4d8c688d;761
b04e6cfa841a122126080c0f4205cee46539334b;761
41f2086fd51f71c78e81f69bde9ade7edbf2468d;761
b681aab4a94736d417b24f03a3041fb549e81ca1;761
f754e83fb6f5f541591df1488539cca5e306b188;761
3e4daa830bb04a2525b10df30aef8faa2d9c6eba;761
10876a33bf782a69b40216934349bde926e19b46;761
ff50d8f1e0f98f845fc3713e5fe40f7244519f26;761
d14990b69e2181ef46ba7692c7e98f6ae6307914;761
6105e2c5be9ed49b5952d7600c0cde123cdd4c80;761
3c1ccb50ceff506d90b7ebf8949201a94c42984d;761
0ae81f2cad54ff11ff149326d8357c838060c77f;761
d9919ad7109dcb8421e02c45fbcd1ba948d6c1b3;761
ae88903f277693221eb6d62be2341c74777e9439;761
ab137b570e9299afe1dbebc3664c9e47642d58be;761
38c31c9cdae9cd25e18f1cca7d4517bd7702d01b;761
296a69a66b3e6b9a7f3e86939104a2316402289a;761
649a6da0a09438e533b7c74dc779b118152e4cfd;761
b8a18da34ebc369aa39b0c001911233ca2783905;761
b7fab76f3201f5a557ab40ea68c4dadf9e833065;761
b5b7df50ac229bfced63456d605ff1802171486c;761
ce001c99dba4bd234539b2ad5c07d959266b6a3c;761
5c59c48235b89f2ef59a26e69e8a5f495dab8fec;761
4c094db4566482035c6de5aeeecbcd57639e9b2e;761
dcb7964471a964b8f599bd6a8dd6a3f779d8bd2c;761
cdfb860ef76de676b562c9082d316a2dd361b694;761
12dd5608df3cd21ae61db37efd29ddd546d6242b;761
dc079879e5a7264341c61ab97b3da0a2f2b6e2cb;761
5e10428cd9b4394adfab997a2eb347ff59aeaa77;761
e77f9a3d683ff6bd6cc4d8d00c08ab1dd7b7b453;761
ed24ba602f9740a4948a40c0c31fb47a0e55e05e;761
9af0c8f5c0d2a394dcffa214afbfc51cb9245039;761
cf9f6cb05c35e245080311df6886abf5ee8789a4;761
ddc67aa372f7a58e2191b219c4900cce43fbbb9d;761
ed62281b8febe1d440051e65a1d86248bb3837d7;761
124b2cc7f93a7574da156ee9e47a0f74983d2498;761
b79194a9c65bb9f8cedf05dfed46f0a79b716ab8;761
5c68cf02ef7f4745d14c951e65e90422f7a2b829;761
fcdf5cae8f7b9db287e5c7d1e871ad13a5ed23ec;761
4d9ccc8570f0cbc38599f2b46a6819f5e1987392;762
c3c646c47aab919e4bafa1fe5fe410162efacf94;762
5f55215e416c86279bfb941d1e90235251fefc41;762
5bb8ae34a6c17a1c9fd629760b0720143455dcc5;762
d263fe1fe2e0d84471ca9ec479dede1fc737c2ba;762
a5dc68e15c92979292f53f12d2aa88346869d048;769
5fb3359653cce8f3bd200b0b9d0dd128dd65b3d4;769
096445caae66b7343c5b85e239b008be2817a6aa;769
f8e6fba8216cb27adfc6159b0f7a6ed4e0364032;769
38ecfee5175ef0748480ca29fd9a67a7e7f90695;769
71f6c2f665b55eda3af514e3b814f5ee8df664c1;769
ee8938d09c4e3e6414615e83c4fbb0d7cf7f1ae0;769
77e05009e407021ee8b50c73e0fb4b21e20a37b8;769
a1e493cfc4304e7bfbb83902a5dee1cc84c7af1f;769
6dca3228057bd1beca32640005e638cddabe17c0;769
1095df97fbd3f9819bbead4d65fb205f592c3ade;769
8fe23be8c94ec3f96029748f92fc990d4ebba82d;769
b9fe1b9afe53068537b100fb3616c13d540ef5f9;769
908a073484dd77f0d3bffa25a50ba99be1e63561;769
492a4a12b6cea2d6d29960eb29538b13241ea90f;769
d0924b2b7304a609cff8e1a44a3f79eb764f6738;771
649906fd7a35a24b3741e1838ed7a9f4257152f7;771
ac39d735d3aa41e4009afeb5f1bc9eed6ccdc9ae;771
615915f78a84cb6eb2ab164c592deaf4367a917e;771
ae713f3b0a73ae47144fbd26c2913eeb503d3ecd;772
ecf623bc6fc1bc1733d29b88a268b138eaa1ad88;772
07d205a11f3d292adc7b5e8748ef56ceb8520581;772
a5ad10329f79891de22cc4f46f79023c78f6c947;772
b87766080fa096e66b6289accad62ba0de7dbba2;772
57ea166c6253e2c3cc1823c741324f3df99b3fd6;772
e9c143f7050d04c4540ae1b57cafff44bb33b9af;771
b09d80594ed3cff92fdce00151ba287e9b341f37;771
e7324b50c273122fd8c035d271d7a5ae8b0f8cac;771
7f7cd61f60b4258a9862483c31b057e4bae04e76;771
8fde6e7417e94c6bbe4f9e748bcf7196a67f82a9;771
6984434705a55d28518ff20e1fb6031049b2c954;771
2431eb886a15707b473b0523643a57e77a2ea44d;771
6e9a7ddb31ca596907a38e0f1af1b0092e5d695f;771
7a8d78526659c80737e4b721c20d45d0671e25f5;771
a199f7a7dcb67e42c52cd1a262fd2faeed2acf39;771
015dfdf8287a924150920c871d4c206e107151c6;771
90de94d299417c2f89e466f159c73304e7f7f5cd;772
1c9b4722313591749de3eb4e1053f0eaf8ce92d0;772
c64af18c3923bbfd203f25a2a6a6d02b28f7df5f;772
6110cd4774601a02bc50549fabe413cd8e94482f;772
23cd0aa19de04c25af5ba25472a5f141f6b261ac;772
64a2697a5f2a9dca5b76f1c1d5cba59e86346483;772
72a55d71b34b697463e76f7ca794dcd5f9395eff;772
6f3976f774af2c563479e66076540aeaa8e4cf62;772
0996fa3916c688f33a97fc72c1afa5079f5fd069;772
cdde9b8cea56f21858ffcd6b871d426cf8bc7e32;772
eb999bb04e6e91482c1f5ca1a5b3f157030499d0;772
27276e6c982350d65f898a757a35f9378fe108eb;772
09019dff43bf2e54618ca2bb0b8c500c02acece7;772
6ec68526ca58219ce8ed1eb6d137ec9cb8d6b42b;772
41fef2432f1e845130046eecf56efd94d4c66834;772
1ebdd7984eb6c556f7475504d12798f00d28d1d9;772
26274d94cb377ea8cd1fc2eca3fabaf8b033262f;772
010db105dc993bb296a9236722ea607781c423e2;774
621542301fabb71491cc78e553fc446b7880cbee;774
8b3a5bf28fe8e8207ea10f5cc34f20feb48ad1e0;774
f26bff4396685eec47c17a49d63870764c715d44;774
0105da37a1880ba1fed0ef33846d07101e4a53d3;781
cc3e60faa3fff5bc3119c6e80d42cf30ea65d8ae;781
fd2fead1c50f44c6087b40ba4519fe83bc0e349e;781
c4614bee7bf07e665ecc16bd40c7f75cc8fecfb4;781
c70d237c52108365823b02b85b19fdebed535695;781
1eebcfc60d5434421a068db6891c43f1d9174f1b;781
7df323584adfcbeae7d13fed05b67a85e38f2612;781
4ddd79a28436b20a06529405fbdde65bb6adc346;781
1a7d04de4945a2da8e6b01ca366f661ce85c6f0e;781
098f0a37b69be2cf76fa8d6e23ef3d250ccf58fc;782
4561ac489560adf57e88a8f22fa519f1099fa7a9;782
e1d934e3e01adc04ec30947fa4a3b685f30b5c1a;782
887530a91048244836abf0a225c9034af73a013c;782
0a6a44dabea74d5168081fb80618dd5dd7d0d5b7;782
552afc51331edcab7c61e2573b10b3f13991b2d0;782
02695a3d48cafe01adc804e3b4b94021c349b391;782
8daf4a5b5d2d84986e9a399a01383f43897ed45a;783
9271edf9ab0d99e1d41efdf051190d8246159ef5;783
6fa1c9dfb4e0dd986beeec41028ee966381299a8;783
252e6116933c7d37d53159c304fdb1e309a97aa1;785
5192805c88f4d1216215f340aacd0300937c295c;785
cb34ef224bc9b1c680fb4002039e6f3dd988a8fc;785
84e827180ada97ad1308ef9c3b82b203b7153893;785
f56ce69fa0e326a60c9f06c093b97a3ded68b7f0;785
3402f060edfe38918e021807918a6d7ff807362c;785
33b49fe5f5a1018008ec213af160beb24699f5f0;785
27eb3d93ff997d4f3d647a3b89c708766f43b339;785
c2cf1406c97dbd141c5057044cd55680ebc5c7d6;785
415f16959c8d757aa543e43c5e5302011bf3ed76;785
b391b0140b6a4a1cbd087f6ac062ff0398db0137;785
256e3797ccada86bda9d68cc048644e7a69b7ed2;785
9031a610de0d34b8cfb576f76083803e64438813;785
f8628624acd94d9690171018b010e60f9ccd1e44;785
bb3eddf0954a8a42417e62fd61742cbf82c9d0b4;785
f443a65d8bca3365020c9f2a95a7ce2de6ea9e84;785
9eea703a44651fdd8f403b12d2b1334374074eff;784
68364f77d81a6c0d4ca71fe427b946482e8a54ae;784
9d820b36869692778146b2c18598c733698639c9;784
63c04db00df88d371da5798cfd896d29cfb9377f;784
cdd2acfda2783d6bb47bc50a3c75ca3f45491a5b;784
bf5aa384bd70b36f280fb9898229fbb51ae735f2;784
733a74aee0ad12321d1d757f1ff3f0a24bd8982b;785
5f3ae11413cde0f0f346e2c56bae656aa61cb110;786
1a4b939c3a86443b2d5bec8f2ee349747736dfc8;786
c2a8852b76a4d20d2e1a27a1c3208189bcaadd94;786
cdf636f3f405c4aacc19620f7e4fbcb130ca8c87;786
d58f1d4ea8df27aa7978b4dfbc278ac7840432bf;786
fc6254be2802ac9ca5ad1787fa6f06ca369261e8;786
6ceb936fc47236f86a090e9bc8c4bd7a8e5f3558;786
2300eb96cd3892a96c83925b971091d17b639e1e;786
5590e6baef90471848ca7a36918b5931093cd6f6;786
6a38b86e3051179649db7ca100dd913fab67a9f8;786
42d14165b68eecf89123b0e0c0ab57ef5cc3e715;786
23c19850f5b1eb547efc8408265a97f90be1d96b;786
fb6cd5cf107d51976dfe289b700d698bcd7b2053;786
46ccec8e161840e986b8f6dced7fe88a228d74fa;787
7322d550d27a2b44a655e16c58ed97a95e8c3921;787
748b2cf6f2d4af762a39d820cbffb980a145634e;787
d22fc1bb20a82126d21054a966a193f21c3fb1fd;788
6b1b66dbb33ab14f74214c6c04d81a510f8962a3;788
edf394966a02b006d23b8843a17a0a8a88f3b622;788
6a0bc978f6c08f64039215fdc764f88a15bec420;788
1abddedcf6c9ea074ebcbb828521832a7111aa0c;788
b3b37ddb82a340c7818ee7c13155a873ba91c024;788
184b17a80b6a0414f1ff748571b99f3f800daa54;788
5f4a44167810159d5b7ca02a0569ae18ce4ce8bd;788
536b1526083e3b4782752d3dd7952d47ff550edb;788
9927b0c3c34639096e4980fa9b1060b6e9ccf507;788
103e36a04d38ae6ed3734e0b8300273184dd0058;788
68c4a360067a89dc18389ac5e4d5654cdddb6c15;791
5292787d164f0417befe3e58ca74702032c259d7;791
50422f73529d8c790ba8d8af96dc6d1b8afba4da;791
0e38f216b923ecd60599b08bc557f0c26e21e80b;791
a6a56e290d4355789fb7fb3998a5947cb022c100;795
50164fff28b702519fd394069b88750a0c08b451;795
f11dc3f07b22a4957882cde1b2445b2fc2f4a00c;795
c07c9dca384a0f7e2ff18e6423df07cf45dcdcf0;795
ca24fb61f3677abd86b53a60a7260b8b9c23135d;795
fa1d126cfd79bd990e2f05fb18579739056ad746;795
0f1f5a7f34657565e0e9e52d711beaea9908b3fc;795
0a7af91bd8fde554105e201cf4294fd893b0bd9a;795
c971d30e9a1326f2e056d21685a656b48b3706ec;795
5a212b260f52e7f944b8fe863755b69cea37c293;795
d581d6803d0cffe80ce3963778b293b259e86633;797
8f7caecee5287960298fe39eadb7b2b6986b75ad;797
38abfd7f9be92738b7aac9390878e0b63ac11f33;797
da0aa158726bdd95ade7fdc1de36512887dd6190;797
36e681cffe633dc98f30e17e5b49ac6e8eb33c61;797
50d4c8899325b03c3e88f78ab84fe3ac7e2eab90;797
eded35239aa3c1a8b11f463c9af83609cd0bca79;797
185f2ba5e73a4433f976c814e67101bdbf15d6c1;797
6c64b32bef9a5b459963f9984cecfeca5930884c;797
c263238b49279214844dea7b3872fd1ad65c45e3;797
3b7de7d568e82799d463cd7a93e4ab0e0fee0c70;802
a0b871af73186b9355d8bd77fd2f194ccf2412c1;804
8aff1cc1580c1f462a7c90236fdb1896a7ff2067;804
ea5f0231e469178da91d83271304351e6b60272c;804
1bdc2801b21893e9ba3b3da10fe1553fc5937a99;804
7f45e7c570b84ba213b95fe4a8a07652356ab412;804
f3eea1f82b42f3c830a33786dc28c0e0750c7396;804
8d21c48e4608f1c4d467316c14847d2c78b5223d;804
b263c7b3fea8d7012f7585c2129cca06f8aa5a4e;804
67358a351c14e19eb57b793f2a1fe45a1451e5e7;804
321e2e9da8d177e6dd823389f0a7f052fa197cfb;804
4dd689de55b05ba6623bfeed1f4a1f12d0f43d6c;804
90f54302d4bb79b921c42e7b758a8f96d0a6e298;804
e1a09dc21ca3d8cb96c3cc6ed201bf92720001de;804
8ea964b63957353e2ae8db4a73b2a2ba236a2f41;804
3894c1ae76d4b17c9e0ce546264ce9d2b754ddf0;804
a28be64e1c4d52721642d3f6652e1351b1722001;804
90112f05034589fe1e620f8b66554eb74405405d;804
83ed6d99b77b1b76430f06979a5255bb1bd07347;804
52f86523e94140ba0a85b4926736fc21d090e9ca;804
24c9b00121417f1c403dc0af0628082aa75e6879;804
9f17b7cbd016a6ab0cd311b1c353effc92ca3b99;807
68fdb84d7fa48c88ea529fa4157f703ac6f4f223;807
8fb78f8aef20315374715a01e80a2398e644643c;807
2e01a432db31d501f43ba38b79e1765a1edef954;807
2fdea368d293a5b391bd705a0689e883df97dc77;807
7bf1852ea3a7c890047303001fc7155b111625be;807
69110747b648262788e82fce04c0484d992d1144;807
1194117792d4f5c484cc68e26ce97c596d94d364;807
32e480b6515b5f5241f3ed4412caf65837516821;807
4178bd6e2ea3dedb50546ad90f0885ec89557867;807
da2fd904bc6aaa07e7ef8cbd546d5b7cf2756bf4;807
cddb9e028035a276694b3a93bd9ea16bc2eb304c;807
755cdc4871db257063164e8ec2ae5a56f8644e88;807
03a56291ca7c5477864d7901553e8fd69b529aa8;807
9619dfe6ffbd3e40218ebd58b7459f05779f7863;807
40eb3b9c99e362b99da321682a12d38838d9c490;807
58b94f97242a10db26b0324b026be8f4dcd1a33e;807
ca0c0a6ab5381eb88c549981aae3cebf1f52ca03;807
73a219671263585ff32e58cbb1741f511af62cdc;807
d7243735ff3cb0cb63062d6f79a41d60d2815ac3;807
59157250d35748f86f6ca6a89899781f3929c65e;807
d42482c48183f20db902ca0f94a221c62b4418d6;807
49ca3252076f6d5679f74b8e920a4d7a2ca8b9a6;807
52cb9be034144308ced7e5bca560e267aa419c8a;807
fe50baf6f73499ede86bdaf05ef7b3dd67d3fb93;807
5d299d2e9ad3723f5f6f3d244f4bc0f02a65cc7d;807
d532e0c6a1d697c031b3a63679bf4ed670215b39;807
af852fd7cd5b362b3059502abd569125d9890975;807
d74d496e477b4057353252419710dda50d62c184;807
1aa466845e565bd154968c030677c55beb509608;807
9a38eac4994eca97775bbed25e4b40eaad5e6509;807
38eb8eba69b2837c6414b0a5a602d3d58e06273e;807
3cf05559084a7f4b8031b605a981ed14cd295dd4;807
15b609357ce2662a79f34feb9e9026ea7548e431;807
e207d102d87ee64632bd4951e6e8a2da9608edd2;807
04c61c64a1a9cf7dd935b94c60e1f94fd29edd31;807
2f79328d87a8bff7f9e27d5981ec8eab759c3ef4;807
a15a9861b1216b1be6a8c015e85b5ae5f88018b5;807
6d1e46707f5d1bc43ada5cf799e599636c9d8fdf;807
a66b75e72627b79e79d1e59212083569118f1297;807
2f72e8fd90cc5c625570f6af1bf39adb011e1ad4;807
1453608d85347c591a2e82247311378cf0d9af9c;807
ca651408b9f38735c955ab39ba1261563dc293b1;807
1cf42ce56b700b8b46d5ca2df168f334b1e90e20;807
017da896c1f820d85f215db80ee9742ba9d8e88e;807
3d77ad5377f3455fc9a749b34523c538edf0ceaf;807
d93e956e6dd72bcf20b28db2ef642fa1a222d252;807
53605d447948247b83222c8504e214612bacbdf2;807
10120f8de14f190c63ba581f95a53a7665134b8c;807
e525351864292a41a88174e385b9cf07d6de1227;807
df923519cd86f2a3f827874af6d558a12de21bfe;807
508c7b03f52b055b69ea97d9f1dcda0e20753a89;807
eaff9712b2c1ab79646d63a84849dcb51816782f;807
9ed8c10bf178048839a8679fe2246e67f35a26be;810
45a693193341b4dfe96f0114d6f8e5bc0ad0e449;810
0b66848d4bac675274528d60cd137d42f479ff5f;811
cec922a8165222fc877c072a367b50522aa1fa25;811
7ba68de85ef6b0c40e3260b40bb8dbcc6e3a96ea;811
f1baa9288c974aece86a6dd2b46e0a5fa0424221;811
7c38dccbd705cfad7bf5911bf6c62efa1c289336;811
2dbe33576e4109be4207f5cbc9aa51d47ee152cf;811
5621dcf68df9b74fab912e6a420dc04620198e7b;811
a5d7b19c6526a4cf0af8ab532ee78e7923c7af11;811
75a807623d561de6ce0e4f26eee687c9e9fdd0b9;811
c2963f79954008a765200a32a2062663ea46434e;811
4a55e24064f5608a39a49e882c03a727470c3a60;811
fb220277949eda89b9b79c422ac5e4015c85ba44;811
ce3c6a8decffb9c177404f537b92a223db44cf70;811
d90a00f1da54b7dd3ff7713c8bcfa7f2804c6400;811
dbbc09812e14514bc0ebf2a615aafe11b36680aa;811
600d6c678c971562e9a95d26da688dd85a3dccb5;811
39b54705b6af8a783fc3d9723145e28f867ba1fe;811
cec2f121e03b117249314f8728760d8064d2f972;811
75ac18a4358ac900baaff10098f604d894dd76aa;811
dc8a7cac5c360a56858b809215386ba82aaef670;812
49b76cee698ae537dd221258a5ff83fd6cabb167;812
0f99008fbd294efacf41762fe289e3ce0fc3839d;812
46ab0bda3981bed1322dac414946540923a3bdd4;812
969e484dcc1260a224575522552ce54f7fc2e391;812
8e303144b830381c0bc3ba78c3c34b2515a1bcad;812
c7c92bea22b7852d91314b6bf936b8135db51d10;812
7524b3897dce1796ae7526dafa18b9d1b79736c8;812
dcf3237881741c9bcbb96bb3aed905b004005988;812
b120241620520546d4c67c1972d6992539dc46d4;812
9857dbecfdfc8155a95b456ea3148c3d6fe86f9a;812
6262d516bbebc5d43618399f6fec28ee9f719f82;812
d7da5444281b7722b406313ad464d8980bc2c7cc;812
235774d76c009bfa53c3b1d7431fb2a1231e70a9;812
6c2832e5a750515eb6e216cab3271e64c2952bea;812
807e6819f3960ba28d7c63d0ec0d9eee06800bcd;812
4bb32a9be2c227701a6f5197f1c1a48085d649e3;812
f1448abf0e2c0dfea183d2e9d24a13eaf2c50edd;812
995073dacd41cb804eb94b57195d8e9a3de6d6ee;812
e834cc6c918831bb84666618acabd8a102d5d20c;812
6be89d624513ad3d3e705275491af9895dd3180e;812
5058e2da8d5e95184e5ee586956e348e6ea30a47;812
685a26115b08a9835cd69264b17b938df093c05c;812
ea0f272f34c98906b7822ccee5853397bd074a6e;812
102b8e2d9ca0dbbc852edb9c7dc0b0d9124ff8b5;812
c393394015a435e55fcafab02d95d9ce56ed326e;812
da4d18f1d24bb930e7ac5ae025ce7d2b85162514;812
89cf2c1c6eefa2d1156c62d04468d2628d69eb76;812
54dc113313346a8a2b92baba36a80af90c48002a;812
eba2fc093618aa5b145a6d343d4e27c166ec8b2d;812
6cc69e939181750473118a902f2531fbf6bcda4b;812
62a271a79500cc3369e32064cf362db9c1362aa8;812
d41075cd0b2557579282d745476837a2974055a8;812
6a2daf4500b83dc284c3ffa53e74d70f0b67af64;812
50f6df88bfc35575012fa54cd7a3838c5fc62d7e;812
f246d31c8643267596b0c0d21598fb20a350b707;812
2451cefcb8912cb02dd5ca7af9a08a06fd6e2f1e;812
a29da491887ee65a3bed8b1db00619e6e8d21e5d;812
168a7354b5066004906da4002c6e35a8fe36054d;812
a7ab0c014aa9ff6c70b13b6cf44dda2ddd3a2137;812
fa8cd401ab2472b124528e2ce67923ed2b988b52;812
a5e4122a8158d98f7e800fa3a3c462aff9e8fba5;812
e6667e4209661b393be73a5b6a99dabe9b06e5b3;813
d971328e187c0e75397c8481cd781bfd6987a729;813
5d7ed4a5b97c42e859f2f6c92b7267c5ee96ce94;815
621883ef64fa186b51855f3f390ceefc7ea13080;815
5de8d5c08f3e5a4edb774de5c33ff2d440ea4451;815
01cccf7887a89539c67f6a8b87832f0b73cdac21;816
e41e34f8a23956ca151928c0a2cd91b949316978;816
3ad24042540af104b40b1eaca25da9fecb0f670b;816
4d5ae5aa9cc24f87bf3e4b34dea03277e88f5d2e;816
2743199184bc4547ec40d68c1807ce31cc7ea02c;816
4c1053b31e3996a577eae65d2b062c168edcc66a;816
5aa75175133fe54ef4566ac009a6462f39e7eab6;816
f7d92656e0f697b73e576b42fb1ed55c85f095dd;816
f1f3f58dfd6c3ec80cd5200bb1d5a06541a60017;816
8f77329fdc6b7a2239ba3c6f443e926c3537ca8a;816
e5397cc4bc0d7aa38baf8c74795d55c711bcb998;816
cd5e8f9c7278ef20a028cc3360594df81d9682cf;816
53673c6345a395a519c616189e6b9bba52b1db5b;816
4405c7216494b7454705c0e98428cf8adfca9aec;818
84357e670ac3a72b73d84574576a49ddfc575676;818
af177be16019c21f6670f723c2560fc93a9eb71b;818
ba98eece01791f869664f9c3c8544eefd22f9bd3;818
7616cf417704d6bd34cfd9aa49a124ab91fdbbd6;818
b92b58ce134ba2595e4d8ba48007b6f3fde11630;818
25746df48744f4172ea3a765cce38333c8f1a9b6;818
4009d2d0a5cc7b6d2a5a2e744a7dabab52c64e65;818
e29159ebc4831d20805cad3d43bd13df0ff3692b;818
ab0272a795b1c661c9fa534ca04b80cd5e0fa74e;818
c88668ae692f20dbc5e60a3bbf3b2a129535c5d1;818
3a035a1dd2b6cd4e3a23081b576e465a49da42fd;818
3acd9ea637dbf4506fb55ec2751faa57c0569e30;818
6dc2472ae5792ad9934cd2ddeb9a427e80701b32;818
089bfdf7e8e2058bdf25446c06ad1033371c4c54;818
59f5b3be01503a94ddaf5d2c20ccefb7002b5487;818
845169c8ab14e169e5f353fe8c85a0d17704ff5d;818
95177990b4ba0c6d32a81a13ab9aa2c530420dda;818
0ba3c53a5814145241829b59813393a28a539f86;818
c5ee3830683899f8e89e6ee168766f67f3e65ea3;818
d869ce93ceafd2fd5ad933a5d48b1757f99e6932;818
cde557c3d9565b9f8c21cc8e8c41e7bab6dac04d;818
935810b812bdaa14785addd8a6e6f551807b694b;818
f4b745d7faca40fd50beb51f4902b745d2cd4f51;818
cc39d6251ec365e6d4b286308febb01d45718e47;818
ef08d50b8049125cbe0b9075aa6c8046cf019e5c;818
7d024c83b3f90fa0d59d9d89bd65e4c40558c3b0;818
f642b340e0f1d3f03c5f546fce76a824fb57109d;818
208640246ae66d82a5925080c5c78c45a08e2255;818
c7851c122d25d32ad3c6fd2a4e6fd3059b720463;818
449464f0392c64a8defea217e9b0633fb69fb18e;818
ea32db42b8f8ad60f61a3c11219cfc871938f356;818
6fd3fdf0ab18a7aa2be3c85e701a9d267387263f;818
d66af589a565d0f9869d65e62e3299b3d869e4d9;818
a0ff5e83a78e6b60e85ac05cbd3fd2efc98169c2;818
68fd9fd9fd11462c4743718cf9422dfbad827cd9;818
a7add0d538946a6e07ebd00634caa33f989f59fa;818
8dd0685bf631cb5c5c6b5776ed40f3c6b9a6ed11;818
61e7e066b67e3e5a1ff9b92641a0da8e0c509d8c;818
91c72452b8d00d373e36f141f9f03d871a62da25;818
1af2f9b41d2ac16abe4673dd71b48c953a4535e1;818
8e9bbd86a563aee84f627d63dd35396045a03beb;818
073b97920a0f33db6053ad773d1ffcedf3f1bee2;818
21b92b2a146bdec39ea832221028ca373b18cd93;818
8ec2624e5700df4e60743ea6bf58c02a4f494272;818
7fdd12f6aef06c43817c6f6a71baeb67f9e19000;818
e0902a4ee2c88d6e57f24cf43c922f0e56c29cdf;818
69a0cc047b8a1a1b6cbd5cc2174fb858e4ed9390;818
96b98b08ee430a3a1d327771ae84229f78da64e4;818
f30944329d3f8424782a2ed38afefa7e6bdf510a;818
25c4c97c9c93cc3550ba995455a11ac36fd0294d;819
aa0542732d669d0d514a462315ec4dacd51007f2;819
3072427614a3838382ddd19908b498e39340d1bd;819
1f130ed8dc7062bbbb886b4e3cf35d3e2c8584f3;819
ab42f7dd13a06d75e9f1905d5b3968db9fbf41e9;824
c7d9a90089c0556b93bcbd4bc081ef9372a7c212;824
779ce4e3841195077ea1bdca13913f337f4f6c90;824
10d66074c2d0e4e37aaed67d222dbe0e6b97b3c4;824
4b5fdfdaad57d92f15b497593fe4a6705dfbf6f0;824
865ca7de232e01c22882f5c5ab20bfe629f49b0e;824
2ac4c5ca27973e7c43471b7a41c00045f9e6786d;824
ea563c77402112d9ec61acba13d6fec63a02e03a;824
2bcd1b3d9048710b47d27a7c0288a49214fbfa2f;825
9e7694fa752207f34705083afbd17af398af8672;825
571984d886bf6df113e73bfeeaf51ffaeb3870cb;827
4694057ec381ea54b3df1e98a22b167a310b0d33;827
ba8934d85a5230acf4ba8a11d74f4bb464a70522;827
eb8e8e7348fa968a93ed51aa06df4cfcfaac290f;827
3cef3f7d0f59e3c3d653290410d67a4afecb99fe;827
305bc25f229b2abe6755a11eb48cf1d39795a8bd;827
29388ddbd1731b3fcb37fe792912dcd816d983d2;827
be79171ea55c8391e8004928b6b932d87a2fb7f5;827
607dcd5e07ae51598376b238475c8ffdea452fe2;827
fcf6a94b096a978309038663103f70c5f494a936;827
660ae857ff7430cb19c44ffbdfde93b63fb90591;827
3940aeb4213ea385ea5d92f718c42ce1644c01e1;827
18a53a03834b7f5f8c7b42647b39e1757db9ee70;827
3cc62722d0f351701c28edfccb955740725814b9;827
bd6986d59971bb2bb486fe0f5cd9ea558361c9df;827
ede3fb92eb7c6d6c039721f7a2130e58c7ef2031;827
546a764c0d01cc50f0d9195d081d9b2eb5324546;827
05252a99430b08272eda6b40aa7ff08b69a30fbc;827
a16e23065ccce627c569b89c7265989df327b38e;828
5361a5fcd97cd8e6a51f431f539bf0a041df211d;828
e180902dc400dd10b3154afa4a410ffb251879a6;828
c270c4d57cf704d9a1486896723c8df13249e454;828
615b2cbb5805d1551ba1c315dd19f719a996ae94;826
fc1f89dc6cf9b6e90a31fd5508bc67f5cca14a1c;826
0beb2db48e56c78d5e38062ab6b84f7c3239bcf3;826
aeb5154328d6224d99e03a85efdb5f5a2f74be16;826
307f2bf48b56a6f907d3e6a0b2c886575656d68a;826
0b251f06e3e81deaab51e153c07a60ca737ad566;826
5b99d7422c74de9e7387b46aac6f8f45f848e7b8;826
246517faec971672fd62ceeefaada54910ddd531;826
77a740c8867b1fea7e0b123d622cf04a11061887;826
2423f8b466a74da756dedb82dd5252fd134d836a;826
4176fcb2c30848e6115f59987ea49ab023124dd9;826
712f9af257e87645e8b35b8bbf1c5553cd680d9a;826
a0a5ab8ddc864aec9250a765f4a8c0a5fff3f3fd;826
a25fd82604721d409f06a4866b5ea68e8c01350a;826
52e068f00999aa3821983b27d3ea6960ebf18cdc;826
7d6772d2e36836493c0dbf8816a3525e74a28d32;826
55d63161959fa83f27843e38faccbd7f2c84805e;826
0bc88699feb7c0623c43da7e4d324890e0fd3321;826
1df9bf9bad3e0fb971033cfc34a43d7d3887047c;826
fbbb6fa97d21831570dd5ede413e9dac8505b332;826
90912b0aff513d5ee3afca278801de60ee1413a1;826
0bc4825f8ce1ec6b213126bbe2c507fba9e4fdca;826
5b0601abbb224aa7140923a09eafb17819142cfa;826
591ff904ad9b19351737515b2b9a9250b42ccea3;826
f252f8382844ec0636e3930e591821d64957aeb1;826
b65e204e2d8069b261f4993dec1d9102dbbd8a81;826
510d6f257f7d93c2951f8b9e3884ad41048d30df;826
ab30e63715082960adef682d6436af18616382a0;826
c105b8287d2456c8ddfd61c7b6ceafad96bf4e30;826
fdc0662b646db535e7b1b5c8ec4573a9a0f6a5c6;826
03dda314fcf278e8b7738d3471963a0a204cdaf9;826
4d2a6130265dd23dcefc0d693398920f8dccfabc;826
2d8a53071b8d8b5bb3b6256f084a9e12d4a7cc10;826
7bbac4fc130bb8c29b7b300b166bb32ac72c0920;826
939778a66edb2696e28f2a3903a4cf3c2c144b7d;826
37acc008d1d605354e6d4bda54b3c814e9151de8;826
f2ae6d7044dd34dc644e208cb6459722252e8f33;826
283c12e941ed52af95dd4d64fefaaa499b69cf40;826
cb763d9338509f2c7da2a6f45495602af83e9d48;826
4651b61e62a7606e002eabe713057f9c2f97312c;826
bcf02b2684cf66c0f68f0c0f08e51244f1172e02;826
879e56519c9d9137c2c7f72e42f4b99a09b66015;826
2b887bf4ae9fdf0b5a6ee01d2138377d49a79668;826
1dc73ed6fb3bf27d83d78e06a8b246b6299cb814;826
0fe3739a258daa4634c29891462540084c7eb70d;826
5a3ca8479b896d8ce6941210e7f3dadf9bb1ca0b;826
0f7cbefa73bc81c923cec17c3c12f3c403d11d06;826
5f678820f3471ad3dd0898d9826ce1b982f64e96;826
0bd0a63f3a9612e9d77afe3b3abcd19b06c06f21;826
71d276cded18e3301ee1abbaa8a70282c52ad703;826
cd83b3d178b9e0d7617024ccca18d8d573de5dd6;826
0ae91b59f8e5f0d1ed8114b4203f2da5cbd488d6;826
eccae0d80453919d51f46ba3a2aa98b2a8faa65e;826
9ee07480ea453bf1313907f1e265f0aec5f859a7;826
64ff7273046e5ff9093c8d8ba37d177151e791e1;826
60301ecae59960e83a39443b5037e8e5b5c25a85;827
48d825b9ff546f20d68425fd9e05220354da127e;827
c0cba585fb56a569dedc484ce5d4715d73366b84;827
0ce7e4a720d6bde19fbdd7e2d222f486cf22dcc2;827
d3c22384337a6848d6dad66acd09f812dd892383;827
993b4c7baabbc4ccdf37624b9d9f4ef1b545fe61;827
c2062d561caa50438879b6536e5b8ede91fdb524;827
2572540024b83cf14b1dfeba9eef19cbea787880;827
b865479593ce9cadf9440f1a145477eaad225a37;827
78119fcac85645ab6cdf173e84bcf5d4069860e4;827
84c38140255274b9f1c74ee26f243d51b77ee1aa;827
8d2c04e1343d32fc7595ec0ce5487668607be860;827
9b13d474bbd519458fb138768f5ad18105894bf1;827
f83fa8df4f0927f8310c325c6994cc5ca716891a;827
a85772d512b8a04fc3e4a658feb3f88b3aa58675;827
91ada523c70d4046343b400d6bd34ed97c78c830;827
19bac11932b67d1510cbbaf74ff4a1e788044837;827
22a43828b7acca9cd5dca25ea82bc3b97ef7ef06;828
9f4bf06f90488d464463b6358320176061fef968;828
c70ca683cc1fb4684550cdf724eba7287daee167;828
c2769c0a70a553c2566fb2ce60ecef0631ee0aa5;828
f94f09c239341e1fff9223af5bf9392456f474df;828
9b12dc12ff2c67287fdf9b9e0f587a06784f6a88;828
73da461f0ea64f900378e3e7bc588a3880c5ee81;828
d68b4da0e8291cb5c84b9832ddb40865c8e2aeac;828
9f8152f69c8a89d5a8cd5faadac928da917b4f29;828
180e1f017d9077756eebe02cb852e86a39f84f99;828
